URL,MementosCount
"https://mj-records.net/product/MJRD-0039/
",0
"http://www.openculture.com/2019/02/dieter-rams-lists-the-10-timeless-principles-of-good-design.html
",5
"https://k-gen.fr/v-bts-fait-le-buzz-partout-dans-le-monde-avec-ses-cheveux-verts-aux-grammy-awards/
",0
"https://songwriternews.co.uk/2019/02/best-dramatic-music-ever/
",0
"https://www.amazon.com/Beats-Studio-Wireless-Over-Ear-Headphone/dp/B00HCGPD4I
",38
"https://www.youtube.com/watch?v=Nj2700em-JQ&feature=youtu.be
",8
"https://sports.v.daum.net/v/20190211183500785?f=m
",0
"https://www.ebay.com/itm/Fiskars-Large-Blue-Tote-Bag-for-Scrapbooking-Hobby-Arts-Crafts/352592099933?hash=item5218207a5d:g:qcwAAOSwQZVcOObr:sc:USPSPriority!76017!US!-1
",0
"https://www.youtube.com/watch?v=DxNTpsARTj0&feature=youtu.be
",0
"https://www.youtube.com/watch?v=_EfSs6-Pxx8&feature=youtu.be
",0
"https://natalie.mu/music/news/319555
",1
"https://www.youtube.com/watch?v=3qFWMyA0ZwE&app=desktop
",0
"http://www.genie.co.kr/VBKBJ5
",0
"https://www.complex.com/music/2019/02/katy-perry-shoes-are-being-pulled-from-shelves-amid-blackface-backlash?utm_campaign=complexmag&utm_source=facebook.com&utm_medium=social
",0
"https://itunes.apple.com/us/album/citizen-kane-single/1383157925?app=music&ign-itscg=1204&ign-mpt=uo%3D4
",0
"https://hstyles.co.uk/music#_=_
",140
"https://www.rappler.com/sports/university/uaap/223186-video-ateneo-lady-eagles-season-81
",0
"https://www.twitch.tv/rainbow6bravo
",0
"https://play.google.com/music/m/T6ddsfjvnppbnkscifzx5lsp6bi?t=I_Don_t_Even_Know_Why_Though_-_Alina_Baraz
",0
"https://www.ebay.com/itm/Vintage-MTV-Music-Television-TRL-Total-Request-Live-New-York-NYC-Navy-Visor-Hat/352592099953?hash=item5218207a71:g:LHcAAOSwiwZcOOB0
",0
"https://www.cricketcallrun.com/2018/12/windies-vs-england-3rd-test-live.html
",0
"https://www.youtube.com/watch?v=xTlNMmZKwpA&feature=youtu.be
",18
"https://www.youtube.com/watch?v=tjhwrBfZIHA&feature=youtu.be
",0
"https://www.facebook.com/bnk48official.music
",0
"http://music-kentei.net/kentei.html/1434160584/1/10/0
",0
"https://nana-music.com/sounds/04954fe2/
",0
"https://linkco.re/dspfcaGA
",0
"https://nana-music.com/sounds/04954fe3/
",0
"https://www.youtube.com/watch?v=ow-Cx9IX4So
",90
"https://play.google.com/store/music/artist/Very_very_Berry?id=Apw2juqqtdpufwejm5om3bhugwm
",0
"https://open.spotify.com/track/0rfaCJF6LIoFctIC2CFvQP?si=eRqSDK7oRCSCg6XRCF3dJA
",2
"http://balita.net.ph/2019/02/12/kathniel-waging-wagi-sa-50th-box-office-entertainment-awards/
",0
"http://artist-rack.com?O8tP3
",0
"https://www.pep.ph/guide/movies/29200/kathniel-fantastica-stars-lead-50th-guillermo-mendoza-box-office-awards-winners
",0
"https://www.youtube.com/watch?v=x0qiNsMVE1k&index=2&list=PLwwcnzQXp-aYWbYUGX5l0HygWstt7-mSb&t=0s&app=desktop
",0
"https://www.youtube.com/watch?v=77Fx11dRWPo&feature=youtu.be
",0
"https://www.artshub.com.au/news-article/opinions-and-analysis/public-policy/jacinda-ardern/jacinda-ardern-on-why-the-arts-need-to-be-universally-accessible-256392?fbclid=IwAR20gLktipKcDQ_UbVUGS1mP7fPiexUPCUkKyl6nnj995DRRS1AmdelydFE
",0
"https://natalie.mu/music/news/319557
",1
"https://www-washingtonpost-com.cdn.ampproject.org/v/s/www.washingtonpost.com/amphtml/arts-entertainment/2019/02/07/photo-joy-behar-dressed-beautiful-african-woman-resurfaces-amid-blackface-debate/?usqp=mq331AQCCAE%3D&amp_js_v=0.1
",0
"https://www.bet.com/music/2019/02/11/bet-networks-nicki-minaj.html
",0
"https://www.youtube.com/watch?v=JeGqNzYzb_A&feature=youtu.be
",0
"https://soundcloud.com/rnbass/rnbass-radio-episode-22-w-j-maine-dj-cookbeats
",0
"https://variety.com/2019/music/news/bts-grammys-lady-gaga-watch-1203135187/maz/
",0
"https://variety.com/2019/tv/news/grammy-awards-ratings-2019-1203135733/
",2
"https://sports.yahoo.co.jp/video/player/1245505
",0
"https://www.youtube.com/watch?v=x3XW6NLILqo&feature=youtu.be
",1
"https://mdpr.jp/music/1821416
",0
"https://www.freep.com/story/sports/columnists/shawn-windsor/2019/02/11/kareem-hunt-nfl-cleveland-browns/2842328002/
",0
"http://time.com/5525746/grammys-2019-bts/?xid=time_socialflow_twitter&utm_source=twitter.com&utm_campaign=time&utm_medium=socialflowtw
",0
"https://photojournal.jpl.nasa.gov/catalog/PIA23043
",0
"https://www.youtube.com/watch?v=9fY-EQFdrFo&feature=youtu.be
",0
"https://www.tokyo-sports.co.jp/entame/entertainment/1277212/
",1
"http://www.bigo.tv/sid/2345030050_1590076218_1549935827?c=3&p=2&t=0&b=227204876
",0
"https://www.facebook.com/9movies.official/
",0
"https://live.rcdradio.com/
",25
"https://justbangers.com/corvus-delivers-a-banging-future-bass-remix-to-kranes-hit-song-outside/?utm_source=ReviveOldPost&utm_medium=social&utm_campaign=ReviveOldPost
",0
"https://www.youtube.com/watch?v=yDgro0363DU&feature=youtu.be
",1
"https://news.dwango.jp/music/34968-1902
",1
"https://d4c-official.com/music/dont-stop-short-var-%e5%85%ac%e9%96%8b/
",0
"https://nana-music.com/sounds/04954fe9/
",0
"https://www.forbes.com/sites/victoriaforster/2019/01/21/scientists-discover-a-new-potential-way-to-stop-breast-cancer-spreading/?ss=healthcare#7f26b11873e0
",1
"https://www.nature.com/articles/s41556-018-0267-0?error=cookies_not_supported&code=a251e3e8-1864-4f1d-b175-24628c8e97ed
",0
"https://play.google.com/music/m/Tkyk4gjssibwtmgvbz2fx5kl7ry?t=Gettin_It_feat_Fresh
",0
"https://natalie.mu/music/pp/polkadotstingray02
",2
"https://soundcloud.com/your-edms-collection/your-edm-mix-notaker
",0
"https://reggaetonsinlimite.com/darell-firma-con-sony-music-latin/
",0
"https://www.youtube.com/channel/UCGtnFqoSz48bJvqNn-nrCHQ/live
",0
"https://www.localdvm.com/sports/maryland-sports/monday-mvp-oakdale-s-collin-schlee-1/1773954794?utm_medium=social&utm_source=twitter_WDVMSports
",0
"https://www.instagram.com/p/Btw0guMl5qM/?utm_source=ig_twitter_share&igshid=1fybr3ppyk20o
",0
"https://gocentralindians.com/2019/02/12/central-announces-7th-athletic-hall-of-fame-class/
",0
"https://www.youtube.com/watch?v=-hMC8pQkEmk&feature=youtu.be
",21
"https://www.youtube.com/watch?v=MmfQ7gSaJgM&feature=youtu.be
",7
"https://www.theguardian.com/environment/2019/feb/10/plummeting-insect-numbers-threaten-collapse-of-nature?utm_term=Autofeed&CMP=twt_b-gdnnews&utm_medium=Social&utm_source=Twitter#Echobox=1549824581
",0
"https://itunes.apple.com/th/album/nasa/1450330588?i=1450330595
",0
"https://www.newsday.com/sports/baseball/mets/endy-chavez-mets-1.27193188
",1
"https://www.koreaboo.com/news/bts-grammy-awards-party-army-2019/
",0
"https://www.soompi.com/article/1302780wpp/exos-lay-shines-on-the-red-carpet-of-the-2019-grammy-awards
",1
"https://www.gameinformer.com/gamer-culture/2019/02/11/tons-of-capcom-music-lands-on-spotify
",1
"https://www.stuff.co.nz/business/110531488/fishing-industry-under-fire-for-killing-endangered-albatrosses
",1
"https://www.facebook.com/716855886/posts/10155990434685887/
",0
"http://marsproject.dip.jp/masaki_yoda/2017_mp3/feel_in_so_good_441_b.mp3
",1
"https://itunes.apple.com/it/album/feel-in-so-good/1214636683?i=1214636691
",1
"https://www.metafilter.com/179343/Of-Course-The-Sports-Channel-Would-Be-The-Slapshot
",0
"https://teamusa.usahockey.com/2019rivalryseries
",0
"http://www.kasi-time.com/item-1210.html
",0
"https://www.youtube.com/watch?v=bnx3gGpIFjo
",5
"https://music.amazon.com/albums/B07DTCN3SQ?do=play&trackAsin=B07DTD2R9S&ref=dm_sh_urZjJsXy9qCXZu8KzdG1snruY
",0
"https://www.youtube.com/watch?v=ouU9CiRaO5g&feature=youtu.be
",0
"https://women.jpl.nasa.gov/
",13
"http://music.trueid.net/detail/nw4yOr94Rbpl
",0
"http://1gk-music.com/
",23
"https://www.youtube.com/watch?v=iFNnUSYUJ7g&feature=youtu.be
",0
"https://www.ebay.com/itm/Sporting-News-Magazine-Dallas-Best-Sports-City-Nascar-Greatest-Drivers-Bud-Selig-/401528581951
",0
"https://nana-music.com/sounds/049518bc/
",0
"https://www.youtube.com/watch?v=pi38trI7NLc&feature=youtu.be
",0
"https://www.register-herald.com/sports/region-is-as-tough-as-it-has-ever-been/article_432d83a3-4567-5945-812b-eb69021520d2.html
",0
"https://www.instagram.com/p/Btw4HL4HeyZ/?utm_source=ig_twitter_share&igshid=ws40jhfyrez0
",0
"https://www.youtube.com/watch?v=LiUqgL5urWc&feature=youtu.be
",3
"https://www.etonline.com/courteney-cox-wishes-friends-co-star-and-bff-jennifer-aniston-the-sweetest-happy-birthday-119431
",1
"https://nana-music.com/sounds/04954fed/
",0
"https://str2.openstream.co/333
",1
"https://natalie.mu/music/news/319546
",0
"http://zoe-queen.tumblr.com/post/182748460263/stark-red19-juicyvelourtracksuit#_=_
",0
"https://poshmark.com/listing/Victorias-Secret-sports-bra-5c5500937386bc7ba4034fdd?utm_campaign=referral_code%3DMARYMERUIZ6980&utm_content=feature%3Dsh_li_el_ios%26rfuid%3D588905e1481560f0843505a6%26ext_trk%3Dbranch&utm_source=tw_sh
",0
"https://www.sports-g.com/2019/02/12/%ec%88%98%ec%9b%90fc-%ec%95%88%eb%b3%91%ec%a4%80-%eb%b6%81%ed%95%9c-%ea%b5%ad%ec%a0%81-%ea%b7%b8%ec%a0%80-%ec%b6%95%ea%b5%ac-%ec%84%a0%ec%88%98%eb%a1%9c-%eb%b4%90%ec%a4%ac%ec%9c%bc%eb%a9%b4
",0
"https://str2.openstream.co/407
",5
"https://www.timesheraldonline.com/2019/02/10/vallejo-native-h-e-r-wins-two-grammy-awards/?utm_content=tw-vjotimesherald&utm_source=twitter.com&utm_medium=social&utm_campaign=socialflow
",0
"https://str2.openstream.co/564
",0
"https://www.facebook.com/crisashty/posts/2218307025092676
",0
"https://open.spotify.com/track/11cDEev79fPKi6uJCjUhu8?si=eCf05MAnS2iRBBTZJylS3Q
",0
"https://triblive.com/sports/penguins/14602634-74/penguins-add-minor-league-defenseman-in-trade-with-columbus
",0
"https://str2.openstream.co/375?aw_0_1st.stationid=2655&aw_0_1st.publisherId=195&aw_0_1st.serverId=str2
",0
"https://itunes.apple.com/us/album/terremoto-single/1450547765?app=music&ign-mpt=uo%3D4
",0
"https://www.m-on-music.jp/0000325451/
",0
"https://str2.openstream.co/512
",0
"https://itunes.apple.com/br/album/memory-of-winter/1146960698?i=1146961577
",0
"https://www.usatoday.com/story/life/music/2019/02/11/grammys-2019-must-know-moments-sundays-awards-show/2833088002/
",2
"https://www.youtube.com/playlist?list=PLqGMmDqYDcC71ciNHtbdaGR4BDiAYJqd0
",0
"https://www.pscp.tv/w/bzIcsDFXZ0VnYWdvcEdYS3Z8MXZPeHdaVmpFUGJKQhWsI9Mjo9n42RNZSSZxaxLOOkJ9tfb2Mz45-GkyB5eg
",0
"https://karifaux.lnk.to/leavemealone
",0
"https://soundcloud.com/yungdojikko/l-i-f-t
",0
"https://www.toledoblade.com/sports/high-school/2019/02/11/high-school-basketball-blade-poll-toledo-area-1/stories/20190211169
",1
"https://www.mcall.com/sports/athleteoftheweek/
",105
"https://www.youtube.com/watch?v=ViOq3-VRFEA&list=UUfD98RF4IC-pwOknFVLeLiQ
",0
"https://www.facebook.com/ILBCEDU/videos/475282286338988/
",0
"https://themusic.com.au/article/5yrz-_r9_P8/big-pineapple-music-festival-unveils-2019-line-up
",0
"https://ticketjam.jp/ticket/sports/50732-1901?aid=215
",0
"https://www.nature.com/articles/ncomms15872?error=cookies_not_supported&code=7670ab8f-10a6-407c-a09b-652a43f39b71
",0
"https://itunes.apple.com/au/album/parallel-world/1146960698?i=1146961587
",0
"https://www.youtube.com/watch?v=hZ67E2R77Uw&feature=youtu.be
",0
"http://sophiabushfrance.sosugary.org
",0
"https://www.sponichi.co.jp/sports/news/2019/02/12/kiji/20190211s00079000409000c.html
",0
"https://www.facebook.com/552266392/posts/10157486352191393/
",0
"https://www.reuters.com/video/2019/02/12/electronic-arts-new-game-challenges-fort?videoId=513972249&feedType=VideoRSS&feedName=Business&videoChannel=5
",0
"https://itshiphopmusic.com/?cwDJ
",0
"https://open.spotify.com/track/4NzMOnvSJVNKF7nw5NkXIP?si=5Oapv3n_RXKCkhH0UEK6UA
",0
"https://www.google.com/url?rct=j&sa=t&url=https://www.benzinga.com/pressreleases/19/02/r13144402/cbb-best-retained-value-awards-highlight-vehicles-that-can-help-canadi&ct=ga&cd=CAIyHGFiZGRkZDFhZGY4ZDZhODY6Y29tOmVuOlVTOlI&usg=AFQjCNF3GQwpwBz-ETXzI6-15RgWn_EDcA
",0
"https://entertain.naver.com/read?oid=311&aid=0000953903
",0
"https://www.plaintalk.net/local_news/article_1ebb4446-2e5f-11e9-9771-fb55b8ea5b61.html?utm_medium=social&utm_source=twitter&utm_campaign=user-share
",0
"https://www.amazon.co.jp/Now-Thats-What-Call-Music/dp/B00TILNZFY
",11
"https://www.sports.ru/hockey/1071520480.html
",0
"http://www.toxinmagazine.com/sounds/nicki-minaj-pulls-out-of-bet-experience-awards/
",0
"https://www.youtube.com/watch?v=WSKof692LwY&feature=youtu.be
",0
"http://Austinwoodandmetal.com
",2
"http://austinwoodandmetal.com/handyman.html
",1
"https://magicvalley.com/sports/high-school/twin-falls-klundt-signs-with-montana-state-football/article_54a0dbaf-4568-575e-a4d8-0ae28118acc3.html?utm_medium=social&utm_source=twitter&utm_campaign=user-share
",0
"https://www.sankei.com/sports/news/190212/spo1902120004-n1.html
",0
"https://www.reverbnation.com/play_now/30503124?utm_campaign=a_public_songs&utm_medium=unknown&utm_source=page_object_news_item
",0
"https://www.reverbnation.com/holyentertainemntlasttdayzproductions
",0
"https://www.sponichi.co.jp/sports/news/2019/02/12/kiji/20190210s00079000266000c.html
",0
"https://itunes.apple.com/ar/album/%E6%84%9B%E3%81%97%E3%81%9F%E5%BF%83%E3%81%B8/1146960698?i=1146961645
",0
"https://www.youtube.com/watch?v=vwKo-Uj2fT4&feature=youtu.be
",0
"https://mdpr.jp/music/1821324
",0
"https://www.youtube.com/watch?v=qqflFMhkqHM&feature=youtu.be
",5
"https://www.gameinformer.com/the-sports-desk/2019/02/11/discussing-mlb-the-show-19s-first-details
",0
"https://www.youtube.com/watch?v=a8EJJxZo7_E&feature=youtu.be
",0
"https://music.mthai.com/news/newsinter/314043.html
",0
"https://www.joox.com/limits
",164
"https://www.instagram.com/p/BtuSdHCnXxH/?utm_source=ig_twitter_share&igshid=1jh5inyjtml7m
",0
"https://www.sanspo.com/sports/news/20190212/ten19021208300001-n1.html
",0
"https://www.nba.com/clippers/preview-clippers-timberwolves
",0
"https://www.ebay.com/itm/401698380221
",0
"https://yorkvillehs.8to18.com/accounts/login
",0
"https://itunes.apple.com/ky/album/so-feel-blues/1146960698?i=1146961648
",0
"https://www.colourfulradio.com/podcast/mark
",4
"https://www.youtube.com/watch?v=mDYXDcsdcNs&feature=youtu.be
",0
"https://www.youtube.com/watch?feature=player_embedded&v=vKnpuFvO-PM
",0
"http://www.toxinmagazine.com/sounds/new-music-gunna-speed-it-up/
",0
"https://djmixes99radeo.com/sadikbeatz-champions-energetic-deep-house-electronic-dance-music-instrumental-2018/
",0
"https://soundcloud.com/offical-new-prince-jay/water-whiping-prod-by-yung
",0
"https://ticketjam.jp/ticket/sports/50695-1901?aid=215
",0
"http://music-book.jp/music/?bmk=0?bmk=0
",3
"http://fanradio-bobiko.stream.laut.fm/fanradio-bobiko?t302=2019-02-12_05-55-29&uuid=7eee04c2-34c5-49dd-bd28-7220f61f36f7
",0
"https://m.sports.naver.com/general/news/read.nhn?oid=382&aid=0000417275
",0
"https://sports.news.naver.com/kbaseball/news/read.nhn?oid=076&aid=0003378426
",0
"https://onlyfans.com/slc_chunky_monkeys
",0
"https://itunes.apple.com/it/album/%E3%81%8E%E3%82%85%E3%81%A3%E3%81%A8/1146960698?i=1146961656
",0
"https://www.youtube.com/watch?v=3zQXMPbK5jU&feature=youtu.be
",0
"https://str2.openstream.co/523
",20
"https://twipla.jp/events/360159
",0
"https://str2.openstream.co/420
",3
"https://www.akhbaralaan.net/sports/2019/2/11/%D9%84%D8%A7%D8%B9%D8%A8-%D8%B9%D8%B1%D8%A8%D9%8A-%D9%8A%D8%AF%D8%AE%D9%84-%D8%AA%D8%A7%D8%B1%D9%8A%D8%AE-%D8%A7%D9%84%D9%84%D9%8A%D8%BA%D8%A7%D8%A8%D9%803-%D8%A3%D9%87%D8%AF%D8%A7%D9%81-%D9%81%D9%8A-%D9%85%D8%A8%D8%A7%D8%B1%D8%A7%D8%A9-%D9%88%D8%A7%D8%AD%D8%AF%D8%A9
",0
"https://www.instagram.com/p/Btw4XLwgxmZ/?utm_source=ig_twitter_share&igshid=1xbu1n87k7vwr
",0
"https://www.koreaboo.com/stories/bts-rm-handsome-grammy-awards-2019-cameraman/
",0
"https://www.nbc4i.com/sports/nhl/blue-jackets/cbj-players-visit-french-immersion-middle-school/1774214894
",0
"https://www.thevwindependent.com/news/category/sports/
",166
"http://block.fiverr.com/?url=L3MyLzBjODZlYTg2NTg/dXRtX3NvdXJjZT1Ud2l0dGVyX01vYmlsZQ==&uuid=7e25e670-2e82-11e9-ac7b-252240fd845e&vid=
",0
"https://www.weforum.org/agenda/2018/09/ai-could-help-us-manage-natural-disasters-but-only-to-an-extent?utm_source=Facebook%20Videos&utm_medium=Facebook%20Videos&utm_campaign=Facebook%20Video%20Blogs
",0
"https://www.savannahnow.com/sports/20190211/al-west-teams-at-start-of-spring-training
",0
"https://www.statesman.com/sports/20190211/district-13-6a-boys-basketball-roundup-hendrickson-secures-2nd-consecutive-title?rssfeed=true&utm_source=SND&utm_medium=Twitter&utm_campaign=hs
",0
"https://www.instagram.com/p/Bts1he2AxZq/?utm_source=ig_twitter_share&igshid=vm9majn8jxfq
",0
"https://www.koreaboo.com/stories/bts-suga-2019-grammy-awards-lesson/
",0
"https://www.radio.net/s/855masterclass
",0
"https://www.hochi.co.jp/sports/winter/20190211-OHT1T50296.html?from=rss&utm_source=dlvr.it&utm_medium=twitter
",0
"http://www.vinylestimes.fr/
",34
"https://itunes.apple.com/es/album/noise-and-tone/1146960698?i=1146961658
",0
"https://www.robinspost.com/news/sports-news/sports-daily-news/854124-nfl-news-panthers-re-sign-eric-reid-to-3-year-deal-nfl-com.html
",0
"https://www.poandpo.com/in-sickness-and-health/days-following-thyroid-surgery-highest-for-risk-of-readmission-412019385
",0
"https://www.robinspost.com/news/sports-news/sports-daily-news/854123-nfl-news-browns-sign-running-back-kareem-hunt-on-nfl-exempt-list-13abc-action-news.html
",0
"https://matome.naver.jp/odai/2140562922933115101/2140562964533157303
",0
"https://www.poandpo.com/small-devices-for-fun/sony-xperia-xz2-offers-excellent-camera-and-thats-about-it-642018980
",1
"https://www.youtube.com/watch?v=VegS7AW2lZw&feature=youtu.be
",0
"https://ticketjam.jp/ticket/sports/50724-1901?aid=215
",0
"https://luizsantos.com/track/1331819/a-barca
",0
"https://people.com/music/grammys-2019-cardi-b-pianist-chloe-flower/
",2
"https://www.facebook.com/TimCharronBand/posts/10157166589224669
",0
"https://www.seattletimes.com/sports/uw-husky-basketball/the-huskies-first-loss-in-seven-weeks-doesnt-hurt-their-standing-in-ncaa-tournament-projections/?utm_source=twitter&utm_medium=social&utm_campaign=article_left_1.1
",0
"https://www.npr.org/sections/health-shots/2019/02/11/693668201/racist-med-school-yearbook-photos-medicines-racism-problems-go-even-deeper?utm_source=dlvr.it&utm_medium=twitter
",0
"https://www.youtube.com/watch?v=dRWJGZb9IUk&feature=share
",0
"http://perfume-app.com/
",57
"https://www.instagram.com/p/Btw4e5aHiWN/?utm_source=ig_twitter_share&igshid=1kgzj4gi6clsx
",0
"http://hyperurl.co/g5mj28
",0
"https://play.google.com/store/music/album/Justin_Bieber_Purpose_Deluxe?id=Bqpez5cimsze2fh6w7j2rcf55xa&hl=en
",5
"https://www.youtube.com/watch?v=-mQxaB-wfno&feature=youtu.be
",0
"https://www.youtube.com/channel/UCpir4hZhPR6XjPZoQ3s_bMA
",0
"http://www.neosportsinsiders.com/podcast-cle-sports-talk-with-casey-drottar/
",0
"https://awards.spaceshower.jp/2019/choice/index.html#choice
",0
"https://www.shiny-music.jp/
",0
"https://frontmezzjunkies.com/2019/02/09/the-kennedy-center-broadway-center-stage-the-music-man/
",0
"https://www.youtube.com/watch?v=44EV79WvQSg&feature=youtu.be
",0
"https://aisasami.wordpress.com/2019/02/06/just-like-the-day-when-i-met-you-do-you-remember-that-day/
",0
"https://www.heart-music.com/
",844
"https://www.thestar.com/sports/leafs/2019/02/11/the-leafs-john-tavares-goes-from-under-the-sheets-to-behindthetweets-with-twitter-video.html
",2
"https://itunes.apple.com/ru/album/sixsense/1146960698?i=1146961683
",0
"https://www.kansascity.com/sports/college/big-12/university-of-kansas/article226070095.html
",1
"https://www.facebook.com/events/606169369807970/
",0
"http://mpg.dnset.com/radio/imm/
",0
"http://radionightitaly.tk
",33
"http://a.monsterbacklinks.com/linkin/220493/categories/youtube
",72
"https://www.ebay.com/itm/Athlon-Sports-Baseball-Magazine-Boston-Red-Sox-Theo-Epstein-Chicago-Cubs-Deals-/401543405217
",0
"https://www.youtube.com/watch?v=aW8yxERMKws
",1
"https://www.youtube.com/watch?v=VYOjWnS4cMY&feature=youtu.be
",84
"https://soundcloud.com/yungsupahp-o-p-music/touchdown
",0
"https://www.facebook.com/events/958820124308308/
",0
"https://www.youtube.com/watch?v=JCvUSUxtZoU&list=PL8A011FC95DC00788&index=6
",0
"http://black-music-collectors.com
",304
"https://www.facebook.com/LeePropertySales/videos/417244282151170/
",0
"https://bestautosurf2018.weebly.com
",21
"http://weuponitradio.com/
",21
"https://nana-music.com/sounds/04954e44/
",0
"https://nana-music.com/sounds/0495502f/
",0
"https://BornIncredible.com
",28
"https://www.delgazette.com/sports/74422/roderick-clutch-in-win-over-hughes
",0
"https://nana-music.com/sounds/04955031/
",0
"https://dracanoir.weebly.com
",0
"https://hot.detik.com/celeb/4424130/kemeriahan-grammy-awards-hingga-penampilan-serba-hitam-angel-pieters
",0
"http://www.thesourcesmoothjazzradio.com/playing.html
",58
"https://www.amazon.com/Richie_Cannata_-_Great_South_Bay-Digital-Music/s?ie=UTF8&page=1&rh=n%3A163856011%2Ck%3ARichie_Cannata_-_Great_South_Bay
",0
"http://thetartan.org/2019/2/11/sports/cmu-sports
",0
"https://itunes.apple.com/us/album/99th-base/id1146960698
",1
"https://jobalertshop.com/2019/02/12/internal-medicine-and-nursing-home-director-best-patient-base-in-ohio/
",0
"https://www.stltoday.com/sports/baseball/professional/the-cardinals-are-going-to-live-to-regret-this-years/article_501dfb55-6306-5a63-b163-352c5d184a8e.html?utm_source=dlvr.it&utm_medium=twitter&utm_campaign=dlvr
",0
"https://www.youtube.com/watch?v=TNiRr8Y0t-Y&feature=youtu.be
",0
"http://www.fox46charlotte.com/sports/miracle-on-the-ice-doctor-saves-fellow-hockey-players-life-during-game
",3
"https://techcrunch.com/2019/02/11/another-fine-mesh/
",3
"https://www.indystar.com/story/sports/college/butler/2019/02/10/butler-grad-matt-white-fought-als-and-inspired-bulldogs-2010-final-four/2830028002/
",1
"https://drive.google.com/file/d/1j6vgLaCRxw2VzLQ7cXhcxuD0-qTLKF8r/view?usp=sharing
",0
"https://video-streaming.orange.fr/sports-extreme/but-max-alain-gradel-81eme-toulouse-fc-stade-de-reims-1-1-tfc-reims-2018-19-CNT000001cOMpm.html
",0
"https://www.footiz.com/toulouse-fc/
",0
"https://www.soompi.com/article/1302912wpp/yang-hyun-suk-shares-updates-on-new-music-from-ikon-winner-and-more
",2
"https://video-streaming.orange.fr/sports-extreme/but-remi-oudin-55eme-toulouse-fc-stade-de-reims-1-1-tfc-reims-2018-19-CNT000001cOMqm.html
",0
"https://video-streaming.orange.fr/sports-extreme/toulouse-fc-stade-de-reims-1-1-resume-tfc-reims-2018-19-CNT000001cOMpN.html
",0
"https://mashable.com/article/2019-grammys-red-carpet-fashion/?utm_source=dlvr.it&utm_medium=twitter
",0
"https://www.gettyimages.com/editorial-images/entertainment/events/775285039/child-events
",0
"https://netzonexo.blogspot.com/2019/02/naver-exo-lay-at-2019-grammy-awards.html
",0
"http://www.msn.com/fr-ch/divertissement/celebrity/ariana-grande-absente-aux-grammy-awards-elle-publie-des-messages-virulents-pendant-la-c%c3%a9r%c3%a9monie/ar-BBTqPeY?ocid=st
",0
"https://fcl-education.com/raising/sportsmanship/soccer-evolution/
",0
"https://www.youtube.com/watch?v=2Frb2d00qWw&feature=youtu.be
",0
"https://www.usatoday.com/story/sports/nfl/patriots/2017/08/22/new-england-patriots-donald-trump-robert-kraft-super-bowl-ring/588949001/
",32
"http://www.fox9.com/sports/wild-hope-home-ice-can-spark-next-win-streak
",0
"https://www.youtube.com/watch?v=DEN19a4b-zQ&feature=youtu.be
",0
"https://www.youtube.com/watch?v=JkK8g6FMEXE&feature=youtu.be
",69
"https://nana-music.com/sounds/04954ffd/
",0
"https://www.youtube.com/watch?v=gSn5swCQCjs&feature=youtu.be
",0
"https://nana-music.com/sounds/04955038/
",0
"https://github.com/tensorflow/magenta/tree/master/magenta/models/score2perf
",0
"https://www.youtube.com/watch?v=P89X-j-TWVE&app=desktop
",0
"https://www.sponichi.co.jp/sports/news/2019/01/24/kiji/20190124s00028000104000c.html
",0
"https://www.youtube.com/watch?v=F-HsYpTbn_k
",0
"https://arep.co/CR98C
",0
"https://www.cbc.ca/news/canada/london/reconciliaction-juno-awards-committee-indigenous-students-london-1.5006687
",27
"https://www.youtube.com/watch?v=9XOamNOxeZg&feature=youtu.be
",0
"http://www.e-onkyo.com/music/
",1181
"https://www.youtube.com/watch?v=Y8HOfcYWZoo&feature=youtu.be
",31
"https://paper.li/adywirawan/1326159753?edition_id=0dd96be0-2e68-11e9-b211-0cc47a0d164b
",0
"https://news.utamap.com/music/212743/
",0
"https://sports.chukyo-u.ac.jp
",51
"https://natalie.mu/music/news/319498
",0
"https://www.voot.com/pages/RS3auditions/index.html?categoryId=44&token=eyJ0eXAiOiJKV1QiLCJhbGciOiJIUzI1NiJ9.eyJVRElEIjoiMjY0MTVlNTlhMmVmNDIwMzkxYWVkMDJiN2RjZTZiMjQiLCJ1c2VyTmFtZSI6Ik1hbmlzaGEgR3VwdGEiLCJsb2dpblByb3ZpZGVyIjoiZmFjZWJvb2siLCJzb2NpYWxJZCI6IjE2MTE4NDgyMzIyNDc0NDciLCJpbWFnZVVybCI6Imh0dHBzOlwvXC9ncmFwaC5mYWNlYm9vay5jb21cLzE2MTE4NDgyMzIyNDc0NDdcL3BpY3R1cmUiLCJzZXgiOiJVIiwiYWdlIjoiMjMiLCJlbWFpbCI6Im1hbmlzaGFkbWcxMkBnbWFpbC5jb20ifQ.yUTflMdPUwyVR8_30WfO3CccFgrBt4I4qJtLpVAh6mA
",0
"https://www.facebook.com/deathproofpr/posts/2273972069315706
",0
"https://finheadlines.com/2019/02/12/editas-medicine-inc-edits-financial-results-comparing-with-cti-biopharma-corp-nasdaqctic/
",1
"https://www.knoxnews.com/story/sports/college/university-of-tennessee/football/2019/02/11/ut-vols-derrick-ansley-hired-tennessee-assistant-oakland-raiders/2836472002/
",0
"https://www.facebook.com/auburnwa.arts/posts/2302250889786024
",0
"https://www.nasa.gov/centers/marshall/news/news/icymi190208.html
",0
"https://www.koreaboo.com/news/bts-v-green-hair-guy-grammy-awards/
",0
"https://itunes.apple.com/us/album/summer-wind/1146960698?i=1146961701
",0
"https://paper.li/NYCARE_Wellness/news-entertainment?edition_id=12775e00-2e68-11e9-b8af-0cc47a0d1605
",0
"https://m.starmakerstudios.com/share?recording_id=6192449392022069&share_type=tw
",0
"http://www.9jamusicmixtapes.com/2019/02/music-haywhy-wonder-haywhymusic.html
",0
"https://riafan.ru/1150265-zamrukovoditelya-nasa-primet-uchastie-v-zapuske-ekipazha-na-mks-s-baikonura
",0
"https://www.soompi.com/article/1302768wpp/bts-lights-up-the-red-carpet-at-the-2019-grammy-awards
",1
"https://tpmsmusiclifestyleblog.com/2019/02/11/the-grammy-2019-les-performances/
",0
"http://byx.pt/
",60
"https://www.youtube.com/watch?v=aVZpBMUJW0s&feature=youtu.be
",0
"https://kinomukumamani-music.blog.so-net.ne.jp/2019-02-12
",0
"https://www.foxnews.com/sports/goodell-to-louisiana-governor-would-be-wrong-overturn-call-against-saints
",10
"https://www.productssharellc.com/shop-2/computers-tablets/refurb-840g4-ts-14-i7-16g-512g/
",0
"https://medicinehatnews.com/sports/local-sports/2019/02/11/cubs-miss-out-on-home-ice-advantage-start-series-with-strathmore-tuesday/
",0
"https://www.jerseyvegas.com
",72
"https://www.miamiherald.com/sports/spt-columns-blogs/greg-cote/article226086060.html
",1
"https://www.sponichi.co.jp/sports/news/2019/02/12/kiji/20190211s00079000407000c.html
",0
"https://itunes.apple.com/tr/album/%E5%90%9B%E3%81%B8%E5%90%91%E3%81%91%E3%81%A6%E3%81%AE%E6%89%8B%E7%B4%99/1146960698?i=1146961718
",0
"https://music.oricon.co.jp/php/news/NewsInfo.php?news=2129236&ref_cd=MS0080
",0
"https://www.youtube.com/watch?v=XyJyyHc4hN4&feature=youtu.be
",0
"https://www.youtube.com/watch?v=Np-Ylf53eUw
",9
"http://glittermagrocks.com/connect/2019/02/11/hennessy-carolina-slayed-in-orange-at-the-2019-grammy-awards/
",0
"http://topics.smt.docomo.ne.jp/article/afpbb/sports/afpbb-3210648?fm=twitter
",0
"http://news.kstyle.com/article.ksn?articleNo=2110907
",0
"https://kfdm.com/sports/content/newtons-darwin-barlow-visits-on-the-sunday-sports-extra
",0
"https://www.maxicount.in/shop/computers-and-accessories/inventis-5v-1-2w-portable-flexible-usb-led-light-lamp-colors-may-vary/
",0
"https://www.phillipphillips.com/
",210
"https://bztakkoshi.com/tak-matsumoto/about-53th-grammy-awards-20110213
",0
"https://www.amazon.co.jp/%E3%83%A9%E3%83%B4%E3%83%BB%E3%83%A2%E3%83%BC%E3%82%BF%E3%82%A6%E3%83%B3-%E3%82%AA%E3%83%A0%E3%83%8B%E3%83%90%E3%82%B9/dp/B004HHARUA
",0
"https://www.nytimes.com/aponline/2019/02/11/sports/ap-car-nhra.html?partner=IFTTT
",0
"https://www.instagram.com/p/Btw4mW6BJJd/?utm_source=ig_twitter_share&igshid=8r9ila2rngqp
",0
"https://www.younow.com/FriDanXIII/187739715/39061730/21f74fxc/b/
",0
"https://nexbietv.ooo/2019/02/12/no-2-duke-staggers-no-3-virginia-early-and-holds-on-for-a-win/
",0
"https://itunes.apple.com/gb/album/universe/id1124450387?i=1124450593
",0
"https://www.walmart.com/ip/NHL-18-PlayStation-4-PS4/52901881?u1=&oid=223073.1&wmlspartner=OqReC6y20Q8&sourceid=19907282333397449926&affillinktype=22&veh=aff
",0
"https://www.plow.io/post/winter-2019-music-threads?utm_source=Twitter&utm_campaign=Chicago_Cubs
",0
"https://www.youtube.com/watch?v=MaTtPA5kBfg&feature=youtu.be
",0
"https://support.google.com/googleplaymusic/answer/4627259?visit_id=636855323790266557-973164592&rd=1
",0
"https://chyannradio.com/
",14
"http://www.wgot.org/2019/02/11/new-music-added-plastic-mermaids-stephen-malkmus-swervedriver-white-denim/
",1
"https://www.nature.com/articles/s41562-018-0522-1?error=cookies_not_supported&code=1eea968f-8425-42b4-b021-8df6fcdb3e1b
",0
"https://www.facebook.com/1020295012/posts/10215828155309726/
",0
"https://anchor.fm/justmath-music/episodes/So-Many-Feelings-e35r0i
",0
"https://soundcloud.com/sennng/idio-w-barkingbart
",0
"https://www.bbc.co.uk/music/artists/0bc9b29a-2473-411c-94a4-d71f6f10badf
",0
"https://www.instagram.com/p/Btw4m2EjF--/?utm_source=ig_twitter_share&igshid=1nn7bn5d484qc
",0
"https://www.yahoo.com/entertainment/lady-gaga-reminds-us-she-032151425.html?.tsrc=fauxdal
",0
"https://play.google.com/music/m/Tz3xopga5qimcplu523zn2mtpyy?t=Foolish
",0
"https://onlyfans.com/thejockandbear
",1
"https://www.youtube.com/watch?v=WI1xExDWVF0&feature=youtu.be
",0
"https://www6.nhk.or.jp/songs/msg.html
",3
"https://www.tv-asahi.co.jp/music/sec/opinion/
",183
"https://wwws.fujitv.co.jp/ap2/safe/resp/PcWrite?bancode=198000031&type=resprg
",1
"https://www.sanspo.com/sports/news/20190212/fgr19021205020003-n1.html
",0
"https://nana-music.com/sounds/0495504e/
",0
"https://music.youtube.com/watch?v=e7U1YZNgwnY
",0
"https://itunes.apple.com/fr/album/wind/id1142292086?i=1142292706
",0
"https://soundcloud.com/odetari/d33mon/s-yVQrr
",0
"https://computermusic.jp/2019/02/12/w-a-production%e3%81%8c%e3%83%90%e3%83%ac%e3%83%b3%e3%82%bf%e3%82%a4%e3%83%b3%e3%83%90%e3%83%b3%e3%83%89%e3%83%ab%ef%bc%88%e9%80%9a%e5%b8%b813500%e5%86%86%ef%bc%89%e3%82%92%e6%9c%9f%e9%96%93%e9%99%90/
",0
"https://www.youtube.com/watch?v=bPYefBD1Rzs&feature=youtu.be
",0
"http://business.fscradio.com/music.php?ID=31
",0
"https://www.iheart.com/live/fox-sports-radio-4732/?cmp=ios_share
",0
"https://soundcloud.com/upnext-music/victory-prod-pierre-bourne
",0
"https://www.nytimes.com/reuters/2019/02/11/sports/football/11reuters-football-nfl-notebook.html?partner=IFTTT
",0
"http://streamseriesonline.info/
",5
"https://www.youtube.com/watch?v=5_YDwsxekEY&index=7&list=PL8A011FC95DC00788
",0
"http://abqpride.com/
",249
"https://www.straight.com/music/1199516/friends-and-fans-remember-vancouver-electronic-musician-and-producer-phil-western
",2
"https://www.imdb.com/name/nm1490614/
",31
"https://www.youtube.com/watch?v=Kzv3a405RNU&feature=youtu.be
",0
"https://mora.jp/package/43000002/bigup12953593/
",0
"https://www.nwahomepage.com/amp/sports/pig-trail-nation/preferred-walk-ons-discuss-becoming-razorbacks/1760489424
",0
"https://arep.co/p/bpmf-presale/finished
",0
"https://www.al.com/
",30462
"https://www.youtube.com/watch?v=maKok2RItxM&feature=youtu.be
",2
"https://www.nasa.gov/feature/goddard/2019/nasa-s-webb-is-sound-after-completing-critical-milestones/
",0
"https://carver.wickedlocal.com/sports/20190211/hs-basketball-players-of-week
",0
"https://mora.jp/package/43000002/bigup12954386/
",0
"https://metro.co.uk/
",30956
"https://www.instagram.com/bad.b.designs/
",0
"https://www.today.com/popculture/diana-ross-adorable-grandson-steals-show-grammy-awards-t148540?cid=sm_npd_td_in_td-sto_180511
",0
"http://moondogradio.com/index.html
",42
"https://www.cp24.com/sports/lin-leaves-hawks-announces-he-s-signing-with-raptors-1.4292167
",0
"https://nana-music.com/sounds/047529a3/
",0
"https://www.nj.com/expo/sports/g66l-2019/02/8d105d0f395154/ice-hockey-whos-in-whos-out-projections-ahead-of-njsiaa-tourney-seeding.html
",0
"https://eyescream.jp/music/34878/
",0
"https://www.m-on-music.jp/0000325252/
",0
"https://www.wwltv.com/article/sports/nfl/saints/goodell-to-gov-edwards-nfl-treasures-its-relationship-with-new-orleans/289-744de95d-0c0e-433f-a3fd-5677aee52f75
",0
"https://www.soompi.com/article/1302518wpp/soompis-k-pop-music-chart-2019-february-week-2
",1
"https://www.chicagotribune.com/sports/football/ct-spt-bob-costas-super-bowl-nbc-20190211-story.html
",3
"https://www.music.grb7.com/88.html
",0
"https://www.nytimes.com/2019/02/09/science/cardinal-sex-gender.html
",15
"https://mora.jp/package/43000002/bigup12957261/
",0
"https://www.radionz.co.nz/concert/programmes/upbeat/audio/2018682133/review-adam-chamber-music-festival-strikes-a-chord
",1
"https://www.apisinsights.com/cows-in-space-nasa-to-open-52nd-world-ag-expo-in-tulare/
",0
"https://soundcloud.com/xclamatio/doves-catch-the-sun-mr?utm_source
",0
"https://www.weforum.org/agenda/2019/02/insects-are-dying-at-an-alarming-rate-and-this-is-terrible-news-for-life-on-earth?utm_source=Facebook%20Videos&utm_medium=Facebook%20Videos&utm_campaign=Facebook%20Video%20Blogs
",0
"https://itshiphopmusic.com?KgP
",0
"http://www.konansports.com/p/fujitv.html?m=1
",1
"https://www.instagram.com/p/Btw4jhoFDzO/?utm_source=ig_twitter_share&igshid=12eo8tlun1nj5
",0
"https://www.youtube.com/watch?v=1r3WwPRzgGE&feature=youtu.be
",0
"https://www.youtube.com/watch?v=4XxtXmJoL4E&feature=youtu.be
",0
"https://www.youtube.com/watch?v=kO8fTk6oKQg&feature=youtu.be
",0
"https://people.com/music/grammys-2019-lady-gaga-third-grammy-mental-health-issues-speech/?utm_source=facebook.com&utm_medium=social&utm_campaign=social-share-article&utm_content=20190211
",0
"https://mora.jp/package/43000002/bigup12961666/
",0
"https://setopati.com/sports/football/175140
",0
"https://open.spotify.com/track/0aLG42zaidNkblhiQgJknP?si=AHe834yrSFiGADZhzaOpXA
",0
"https://neonnettle.com/news/6481-pro-trump-celebrities-steal-the-show-at-the-grammy-awards
",1
"https://www.koreaboo.com/news/bts-grammy-awards-2019-first-presenters/
",0
"https://savagethrills.com/music/premiere-halcyon-drive-only-you-remix-jamatar/
",0
"https://soundcloud.com/e-mosanya/cut-throat-1
",0
"http://lhsaa.org/sports/brackets-results/basketball-girls
",106
"https://sports.ant-j.xyz/archives/242157
",0
"http://www.rockourtown.ca
",1
"https://www.wwltv.com/article/sports/nba/pelicans/mouton-nba-is-forcing-terrible-rules-on-pelicans-that-dont-work/289-7a8a5941-c99e-4b09-8036-f783b449d401
",0
"https://fr.radioking.com/radio/channel-music
",0
"https://cbsaustin.com/news/nation-world/nevada-porch-pirate-steals-14-year-old-boys-chemotherapy-medicine
",0
"https://dvdclip.com/cinematography-editing-and-2-other-oscars-categories-wont-make-broadcast/
",0
"https://www.youtube.com/watch?v=rW4pXA_8IGo&feature=youtu.be
",0
"https://anchor.fm/justmath-music/episodes/Senator-Ron-Wyden-Legalizes-Weed-e35ph8
",0
"https://www.radioexols.com/
",0
"https://www.rap-up.com/2019/02/11/nicki-minaj-pulls-out-of-bet-experience-awards/
",1
"https://drive.google.com/file/d/1Bz2ONLVRgw4FV7EP7AnYIw_hLIMHD5LP/view?usp=sharing
",0
"https://www.ebay.com/itm/-/132946781642
",0
"https://www.display9ja.com/2019/02/12/2019grammys-drakes-mic-was-cut-off-after-he-downplayed-the-importance-of-awards/
",0
"https://indianexpress.com/article/sports/cricket/wasim-jaffer-indias-mr-cricket-ranji-trophy-5576800/
",0
"https://www.youtube.com/watch?feature=player_embedded&v=UaQq4BzG1lc
",0
"https://af11.wordpress.com/2019/02/12/rami-malek-reacts-to-winning-leading-actor-for-bohemian-rhapsody-ee-bafta-film-awards-2019/
",0
"https://www.bbc.co.uk/news/entertainment-arts-47202553
",14
"https://www.adweek.com/digital/61st-annual-grammy-awards-bts-topped-twitter-while-alicia-keys-led-facebook-chatter/
",2
"http://www.dickinsonathletics.com/sports/mtrack/2018-19/releases/20190210p866b7
",0
"https://nana-music.com/sounds/0495505b/
",0
"https://rappersiq.com/2019/01/28/gherbo-up-it-video-pro/
",0
"https://itunes.apple.com/jp/album/no-pain-no-gain-single/1452153110
",0
"https://www.etonline.com/bts-stayed-up-all-night-working-on-new-music-before-the-2019-grammy-awards-exclusive-119291
",2
"https://www.sfgate.com/music/amp/Vallejo-H-E-R-wins-first-Grammy-Gabriella-Wilson-13605714.php
",4
"https://www.youtube.com/watch?v=qeqwDrIAYwo&feature=youtu.be
",0
"https://www.marshallnewsmessenger.com/sports/griedl-settling-into-new-position-as-ad/article_f9535850-2bda-11e9-9e56-9f19bea162b3.html?utm_medium=social&utm_source=twitter&utm_campaign=user-share
",0
"https://www.detroitnews.com/story/sports/college/university-michigan/2019/02/11/pat-perles-headed-michigan-become-offensive-line-coach/2837428002/
",0
"https://www.nikkansports.com/sports/news/201902120000148.html?utm_source=twitter&utm_medium=social&utm_campaign=nikkansports_ogp
",0
"https://www.northjersey.com/story/sports/high-school/basketball/2019/02/11/nj-boys-basketball-bergen-catholic-don-bosco-ramapo-st-joseph-wayne-valley-wayne-hills-clifton/2834014002/
",0
"https://www.rollingstone.com/music/music-features/remastered-netflix-music-docs-sam-cooke-787915/
",1
"https://www.nation.co.ke/sports/athletics/Ruth-Chepngetich-Linus-Maruka-lead-Nairobi-charge-Cross-Country/1100-4974756-hq0ckbz/index.html
",2
"https://play.google.com/store/music/album/Before1am_Bound?id=B7tn3jb3kbcgnjfoiajw7bwo4me
",0
"http://raw3entertainment.blogspot.com/2018/12/new-music-video-aap-rockys-tony-tone.html?utm_source=feedburner&utm_medium=twitter&utm_campaign=Feed%3A+Raw3Entertainment+%28RAW3+Entertainment++%29
",0
"https://pantip.com/topic/38547511
",0
"https://soundcloud.com/glorylondon/ride-x-glory-london
",0
"https://www.plushaffair.com/app.html
",0
"https://soundcloud.com/kdelphia/killadelphia-your-music-is-trash
",0
"https://www.northjersey.com/story/sports/high-school/football/2019/02/11/nj-football-coaches-get-look-new-transparent-playoff-power-ranking-formula/2836156002/
",0
"https://natalie.mu/music/news/319541
",1
"https://completemusicupdate.com/article/us-copyright-royalty-board-confirms-44-increase-in-streaming-royalty-on-songs/
",0
"https://excitementradio.com/
",242
"https://www.koreaboo.com/lists/bts-grammy-awards-2019-unforgettable-moments/
",0
"http://www.gcbobcats.com/sports/golf/2018-19/releases/20190211v5k7fo
",0
"http://music-kentei.net/kentei.html/294914748/6/81/2
",0
"https://tylerpaper.com/
",1710
"https://tylerpaper.com/sports/pro/longtime-nfl-referee-red-cashion-passes-away/article_cc4b2518-2da1-11e9-be9c-f32f744f1d2a.html
",0
"https://www.livingstonparishnews.com/sports/girls-basketball-no-doyle-no-walker-headline-clean-sweep-for/article_df31cf2c-2e2a-11e9-bda6-53edf41e7282.html?utm_medium=social&utm_source=twitter&utm_campaign=user-share
",0
"http://www.ghanamusicradio.com/
",135
"https://therallies.bandcamp.com/track/all-of-us-2
",0
"https://variety.com/2019/music/news/bts-grammys-present-awards-kpop-1203130948/#utm_medium=social&utm_source=twitter&utm_campaign=social_bar&utm_content=bottom&utm_id=1203130948
",2
"http://exiletribe.info/?p=1560
",0
"https://www.youtube.com/watch?v=uqrBK9wmHl8&feature=share
",0
"https://www.nature.com/articles/s41379-018-0122-7?error=cookies_not_supported&code=6a39bc99-5de4-4230-a04e-a9de24763046
",0
"https://music.nekast.com/2019/01/24/post-1839/
",0
"https://edition.cnn.com/style/article/grammys-2019-red-carpet-fashion/index.html?utm_source=twCNN&utm_content=2019-02-11T08%3A24%3A05&utm_term=multi-image&utm_medium=social
",0
"https://www.bbc.com/news/entertainment-arts-47197236
",2
"http://holywood-celebrity-news.blogspot.com/2019/02/bill-belichicks-boat-gets-super-bowl.html
",0
"https://herald-review.com/sports/high-school/basketball/photos-maroa-forsyth-and-villa-grove-heritage-in-a-regional/collection_b461d2b8-6ca2-572d-8585-8857abb35877.html#1
",0
"https://nana-music.com/playlists/2704618/?s=tw
",0
"http://www.995thewolf.com/2019/02/10/reba-mcentire-to-return-as-host-of-2019-acm-awards-in-vegas/#.XGF7-kh8mfI.twitter
",0
"http://holywood-celebrity-news.blogspot.com/2019/02/nba-youngboy-arrested-in-atlanta-for.html
",0
"https://sports.yahoo.com/nba/milwaukee-bucks-chicago-bulls-2019021104/
",1
"https://ticketjam.jp/ticket/sports/57233-1902?aid=215
",0
"http://holywood-celebrity-news.blogspot.com/2019/02/jennifer-lopez-rocked-grammy-motown.html
",0
"http://holywood-celebrity-news.blogspot.com/2019/02/kareem-hunt-deserving-of-2nd-chance.html
",0
"https://www.youtube.com/watch?v=Z__yttYb-JA&feature=youtu.be
",0
"https://www.youtube.com/watch?v=Ilc7aWuRUH4
",3
"https://soundcloud.com/upnext-music/self-made
",0
"https://www.youtube.com/watch?v=hXMpyrxuZI8&feature=youtu.be
",0
"https://www.bbc.co.uk/music/artists/f70a2b30-7f79-45df-a13a-e190125f9457
",0
"https://www.youtube.com/watch?v=YybObkRkHhE
",0
"https://celebrity.okezone.com/read/2019/02/12/33/2016680/mirip-tiram-cardi-b-panen-kritik-di-grammy-awards-2019
",2
"https://www.youtube.com/watch?v=EUMC_raxpSc
",71
"https://sports.ant-j.xyz/archives/242162
",0
"https://sports.ant-j.xyz/archives/242160
",0
"https://medicalxpress.com/news/2019-02-immunotherapy-effective-people-recurrent-glioblastoma.html
",2
"https://ca.sports.yahoo.com/news/art-talking-refs-nba-players-build-relationships-officials-151416026.html
",1
"https://www.youtube.com/watch?v=P6LyMX8Cbp0&index=8&list=PL8A011FC95DC00788
",0
"https://www.newstm.in/news/tamilnadu/special-article/55809-about-music-4-harmonium.html
",0
"https://link.medium.com/8TNI0anm2T
",0
"https://www.bigtime.radio/
",2
"https://www.latimes.com/entertainment/arts/miranda/la-et-cam-yalitza-aparicio-roma-oscars-20190128-story.html
",13
"https://www.cbsnews.com/live-news/grammys-2019-awards-show-nominees-winners-highlights-performances-red-carpet-today-live-updates/
",2
"http://www.mavradio.fm/
",84
"https://soundcloud.com/user-250719023/take-you-away
",0
"https://nana-music.com/sounds/04955069/
",0
"https://soundcloud.com/goon-squad-844627383/virtual-self-shrine-auditorium-2719-full-set
",0
"http://sports.chosun.com/news/ntype.htm?id=201902120100055190004119&servicedate=20190212
",0
"https://www.americanthinker.com/blog/2019/02/nasa_extreme_low_sunspot_counts_indicate_global_cooling_onset.html#.XFq_QpXTo90.twitter
",1
"https://needham.wickedlocal.com/sports/20190117/needham-girls-hockey-showing-signs-of-consistency
",1
"https://www.mieux-vivre-autrement.com/les-enfants-doivent-jouer-dehors-cest-primordial.html
",28
"https://theghettoflower.com/blog-music/cappin-official-video-kiltkarter
",0
"https://www.youtube.com/watch?v=PzrRtp-9zc8&feature=youtu.be
",0
"https://ask.fm/Fikri_MtV/answers/153079643692?utm_source=tw_share_own_ar&shareBy=Fikri_MtV&utm_campaign=ui_v3#_=_
",0
"https://nexbietv.ooo/2019/02/05/giannis-thinking-of-drafting-curry-with-1st-all-star-pick/
",0
"http://thefactreporters.com/2019/02/12/okowa-doles-out-n403m-to-sports-festival-medalists/
",0
"https://shop.spreadshirt.com/mia305style/cross+my+heart?q=I1020596346
",0
"https://kizaneko.tumblr.com/post/182748541396/misfitsandmayhem-reaper-voice-finally-some#_=_
",0
"https://www.azcentral.com/story/sports/high-school/2019/02/11/star-search-who-see-during-state-basketball-playoffs/2840992002/
",0
"https://bucphangnews.site/liga-aguila-2017-i-fecha-8-rionegro-0-1-cortulua-win-sports/
",0
"https://z6mag.com/arts-entertainment/celebrities/cardi-b-made-history-at-the-grammys-1631871.html
",0
"https://www.youtube.com/watch?v=TzxpBRcLeFU&feature=share
",0
"https://www.lansingstatejournal.com/story/sports/college/msu/womens-basketball/2019/02/11/michigan-state-womens-basketball-indiana/2836181002/
",0
"https://www.timesnownews.com/sports/cricket/article/i-dont-think-vijay-shankar-will-go-to-the-world-cup-2019-reckons-sourav-ganguly/364037
",0
"https://z6mag.com/arts-entertainment/longest-running-multi-camera-series-the-big-bang-theory-ends-with-a-two-part-finale-this-may-2019-1631880.html
",0
"https://www.itadaki.ne.jp/profile/sample/3694/2361/2/
",0
"https://EZALB8.lnk.to/simple?pSzon
",0
"https://www.koreaboo.com/news/itzy-jyp-girl-group-record-views-dalla-dalla-music-video/
",0
"https://natalie.mu/music/news/319501
",2
"https://www.instagram.com/p/Bstc5vigOeI/?utm_source=ig_twitter_share&igshid=sg1kvw1vdwut
",0
"https://sports.yahoo.com/browns-sign-rb-kareem-hunt-190455477.html?soc_src=newsroom&soc_trk=com.apple.UIKit.activity.PostToTwitter&.tsrc=newsroom
",0
"http://spirit.It
",77
"https://www.nikkei.com/article/DGXMZO41145770S9A210C1000000/
",0
"https://www.bbc.co.uk/sport/47203116
",0
"https://www.nature.com/articles/d41586-019-00287-7?utm_source=twt_nnc&utm_source=twitter&utm_medium=social&utm_medium=social&utm_campaign=naturenews&utm_campaign=NatureNews_&utm_content=organic&sf207550668=1&error=cookies_not_supported&code=3e892482-3a23-43fd-99e4-d1c65155dc23
",0
"https://www.twitch.tv/chadwhynot
",42
"https://www.youtube.com/watch?v=5p4jEJ0K1DQ&feature=youtu.be
",0
"https://fineartamerica.com
",7636
"https://fineartamerica.com/featured/red-sky-in-morning-sailors-take-warning-sharon-mayhak.html?product=shower-curtain
",0
"https://www.aliexpress.com/store/product/7-inch-Touch-Screen-MP4-support-Rear-View-Camera-Bluetooth-Audio-Stereo-Player-Hands-free-MP5/2943204_32865874838.html?spm=2114.12010608.0.0.59e21a5ajXMnYG
",0
"https://www.ebay.com/itm/-/183681516574
",0
"https://www.youtube.com/watch?v=heE6oGClMgY&feature=youtu.be
",0
"https://www.heart-music.com/reveal
",0
"http://www.mes-coloriages-preferes.biz/Coloriage/Imprimer/Nature/Soleil/27861
",0
"https://www.youtube.com/watch?v=FOQJPhrgFxI&feature=share
",0
"https://www.nature.com/articles/d41586-019-00535-w?error=cookies_not_supported&code=0b706b7c-aa6d-4d7d-a02c-1ab9c0f1a74f
",0
"http://anime-eupho.com/music/
",0
"http://appleford.leftcoastx.com/the-miraculous-journey-of-edward-tulane-theatre-review-valley-youth-theatre-phoenix/
",0
"https://ticketjam.jp/ticket/sports/58097-1902?aid=215
",0
"https://www.insomniac.com/music/liquid-stranger-takes-us-to-infinity-and-beyond-with-jetpacks/
",0
"http://www.bbc.com/persian/arts-47199428
",0
"https://www.pscp.tv/w/bzIdjDFlUkV4REJNTE52RXd8MXZPeHdaVmpFUGJKQpu98-92r1X-2KlTLwymhN3TSJBH1x6z-FkBtGViS97Q
",0
"https://www.desmoinesregister.com/story/sports/high-school/2019/02/11/iowa-high-school-wrestling-2019-state-tournament-brackets-qualifiers-records-rankings-cael-happel/2837728002/
",0
"https://www.instagram.com/p/Btw4yUdHKfg/?utm_source=ig_twitter_share&igshid=1el82f6edzwea
",0
"https://tsuiran.jp/music/hourly?t=1549922400
",0
"https://www.capenews.net/sandwich/sports/uct-athletes-of-the-week-kevin-flynn-joey-mcardle-josh/article_0608451e-69a5-568b-b1a1-a55adc1bc32f.html#utm_campaign=blox&utm_source=twitter&utm_medium=social
",0
"http://ul.ink/GV06-6CGAR0_T
",0
"https://www.youtube.com/watch?v=FxGFT5GRwp0&app=desktop
",0
"http://www.chunichi.co.jp/chuspo/article/sports/news/CK2019021202000027.html
",2
"https://soundcloud.com/fatvaughn/sets/carryout
",0
"https://theprovince.com/sports/hockey/nhl/vancouver-canucks/ben-kuzma-zack-macewen-finally-gets-recall-after-growing-game-with-comets
",4
"https://nana-music.com/sounds/Wu3oibTdTu/
",1
"https://nana-music.com/sounds/1V1EVCVNmT/
",1
"https://nana-music.com/sounds/0044952f/
",1
"https://www.as-web.jp/sports-car/451030
",0
"https://www.wiscnews.com/juneaucountystartimes/conferences/south-central/prep-boys-basketball-mauston-weathers-westfield-s-upset-bid-for/article_541a5365-ec90-5c95-b232-0bd41777ab54.html?utm_source=dlvr.it&utm_medium=twitter
",0
"https://www.youtube.com/watch?v=IbLh4i40I4E&app=desktop
",8
"https://www.nature.com/articles/s41586-019-0882-3.epdf?shared_access_token=wY0Vfh9dQE8AciA5qvI509RgN0jAjWel9jnR3ZoTv0NJQSWdxeTHGqP9J0g_IxddZqwTbqO_M9ngOVhQstiUQafrC8WOoTLb7zMx88o-pBD18W8Emb55iIxyybhLK5NjZ6YissNMfLKEFEzRGt1vheLVU3054XBS364CjPtFuF8%3D&error=cookies_not_supported&code=17def0ce-e6e8-4dec-8380-1de6dc8ed0cb
",0
"https://www.etsy.com/DesignsByRAJA/listing/533557271/wipe-your-end-zone-embroidered-toilet?utm_source=Twitter&utm_medium=ListingManager&utm_campaign=Share&utm_term=so.lmsm&share_time=1535593515066
",0
"http://cafe.daum.net/IMFACTofficial/a4d8/134
",0
"https://nana-music.com/sounds/0295f301/
",0
"https://www.denverpost.com/2019/02/11/denver-teachers-strike-affecting-prep-athletics/?utm_campaign=socialflow&utm_medium=social&utm_source=twitter.com&utm_content=tw-postpreps
",0
"https://str2.openstream.co/335
",1
"https://thenextweb.com/plugged/2019/02/09/why-stressed-out-stem-workers-should-learn-to-play-music/
",1
"https://str2.openstream.co/442?aw_0_1st.stationid=2899&aw_0_1st.publisherId=262&aw_0_1st.serverId=str2
",0
"https://variety.com/2019/biz/news/warner-music-group-unveils-dates-for-move-into-new-headquarters-exclusive-1203128805/
",2
"https://www.radiotimes.com/news/film/2019-02-11/oscars-2019-nominations-full-list-academy-awards/
",0
"http://theboot.com/reba-mcentire-2019-acm-awards-host/
",1
"https://metro.co.uk/2019/02/11/insects-die-within-100-years-leading-global-collapse-nature-8519304/?ito=twitter
",0
"https://nana-music.com/sounds/04954fd3/
",0
"https://lfpress.com/sports/local-sports/canadian-women-want-to-send-a-message-in-hockeys-rivalry-series-showdown
",0
"https://www.thestate.com/sports/college/university-of-south-carolina/usc-womens-basketball/article226092200.html
",1
"http://www.toxinmagazine.com/sounds/andre-sobota-drops-mesmerizing-single-lost-cause-w-max-graham-remix-zerothree-music/
",0
"https://www.youtube.com/watch?v=8295rOMvtQI&feature=youtu.be
",23
"https://www.space.com/43290-insight-mars-lander-seismometer-from-space-photo.html?utm_source=twitter&utm_medium=social&utm_campaign=dlvr.it
",0
"http://lg-monster.blogspot.com/2019/02/a-star-is-born-gana-3-premios-en-los.html#355094
",0
"https://www.nytimes.com/2019/02/11/upshot/hospital-mergers-hurt-health-care-quality.html?action=click&module=Well&pgtype=Homepage&section=The+Upshot&smid=tw-nytimes&smtyp=cur
",0
"https://www.deezer.com/us/track/70697369
",0
"https://gazette.com/news/prime-time-sports-store-closing-in-colorado-springs/article_3f3588a6-2e48-11e9-9f7f-f78cc34bc3f9.html
",0
"https://www.istockphoto.com/fi/photo/european-peacock-on-a-sunflower-gm1034102836-276880632
",0
"https://www.pscp.tv/w/bzISWjF4TlFhYUdPZ2VrUWJ8MU1ZeE55cW9xb1JKdzMYBd9qLLCaT5C536MhvjGiAOE75ScwpdSQm3mSpeDc
",0
"https://natalie.mu/music/news/319515
",0
"http://www.espn.com/college-sports/story/_/id/25953556
",0
"https://www.theguardian.com/music/2018/nov/02/pet-sounds-why-your-dog-loves-listening-to-bob-marley
",20
"https://www.facebook.com/miamimusicschool/videos/2233412930204614/
",0
"https://www.youtube.com/watch?v=dK9eLe8EQps&feature=share
",0
"https://www.chicagotribune.com/sports/baseball/whitesox/ct-justin-morneau-hockey-white-sox-spt-0823-20160822-story.html
",11
"https://www.iheart.com/music-awards/
",15
"https://anchor.fm/sportscardnation/episodes/Sports-Card-Nation-Ep-12-e3581k
",0
"https://www.nydailynews.com/news/ny-news-tori-kelly-wins-two-grammy-awards-20190210-story.html
",0
"http://TopNaijaMusicRadio.com
",113
"https://www.youtube.com/watch?v=3-anGfPZNZw&index=3&list=PLYnj9pDbGg5ndKTtKgU9MD9YtuboWjT5i
",0
"https://rootslivemusic.com
",8
"https://www.instagram.com/p/Btw443PhXXD/?utm_source=ig_twitter_share&igshid=1c6zkc2h3v0g6
",0
"https://www.anote-app.com/lite/track?app_name=Drift+Music&id=6553422120007768066&shared_by=6645430860912066561&channel=copy
",0
"https://open.spotify.com/album/1na7ybA7RGKO1f9fT7GPZc?si=9BJAjKONShOgqPhIGdFyeA
",0
"https://www.sanspo.com/sports/news/20180202/gym18020205020002-n1.html
",0
"https://music.amazon.com/albums/B000WLQKO2?trackAsin=B000WLMMBW&ref=dm_sh_vNk31dpjz1BktEfv6ou5tYKMU
",0
"https://www.kicksonfire.com/travis-scott-air-jordan-1-low-grammys/
",1
"https://www.etsy.com/JunkYardBlonde/listing/668090048/vintage-sports-bookends-by-lefton-japan?utm_campaign=Share&utm_medium=social_organic&utm_source=DSMT2&utm_term=so.smt&share_time=1549860077000
",0
"https://www.youtube.com/watch?v=8WYHDfJDPDc&feature=share
",4
"http://www.statbroadcast.com/events/statmonitr.php?gid=conn
",31
"https://www.trentonian.com/sports/trenton-catholic-academy-girls-basketball-gets-top-seed-for-mercer/article_d1f83ed4-2e2c-11e9-a65f-b309904c479e.html
",0
"https://nana-music.com/sounds/0495508b/
",0
"https://nana-music.com/sounds/0495508c/
",0
"https://elizabethjoankelly.bandcamp.com/album/music-for-the-dmv
",1
"https://www.blogto.com/music/2019/02/drake-grammys-speech-2019-winners/
",1
"https://musicindustryblog.wordpress.com/2019/02/06/podcasts-a-netflix-moment-for-radio-but-perhaps-not-the-future-of-spotify/
",0
"http://arewa360music.com.ng/2019/02/music-ben-g-zo-key/
",0
"https://www.capebretonpost.com/living/former-sydney-residents-music-on-ctvs-the-launch-wednesday-night-283604/#.XGImJHEETqR.twitter
",1
"https://nana-music.com/sounds/wFxs7DmpLJ/?s=tw
",1
"https://music.amazon.com/artists/B00FFUKTMO?ref=dm_sh_VxhC5GHyNsPAulBuGplydFe3O
",0
"https://with-music.net/
",76
"https://itunes.apple.com/us/album/the-pussy-passage/1302297763?i=1302297785
",0
"https://open.spotify.com/track/23xyywBIrpxr4Zqlkqie16
",0
"https://sports.yahoo.com/nba/portland-trail-blazers-oklahoma-city-thunder-2019021125/
",0
"https://ask.fm/NickJAussieLove/answers/152900301557?utm_source=tw_share_so_own_ar&shareBy=NickJAussieLove&utm_campaign=ui_v3#_=_
",0
"https://natalie.mu/music/pp/fudanjuku03
",4
"https://www.etonline.com/bts-presents-best-rb-album-to-her-at-2019-grammy-awards-119280
",1
"https://www.twitch.tv/
",36706
"https://www.dailyprogress.com/newsvirginian/sports/tuesday-s-high-school-sports-schedule/article_e580794c-2e65-11e9-93ff-b347a16bbd0d.html
",1
"https://www.okayafrica.com/nigerian-american-visual-artist-ibra-ake-wins-best-music-video-grammy-childish-gambino-this-is-america/
",1
"https://www.facebook.com/Ctoonz/videos/356528075185353/
",0
"http://www.joox.com/en_my/app/open_joox.html?p=open_joox&page=innerweb&innerweburl=http%3A%2F%2Fcampaign.music.sanook.com%2Faward19public%3Fjtma%3D2019
",0
"https://itunes.apple.com/us/album/dope-spot-iii-soul-of-a-trapper/1446773268
",0
"https://trendynewses.com/female-artists-dominate-the-grammys-as-the-awards-make-up-for-past-sexist-mistakes/
",0
"http://BDSMradio.EU
",143
"https://soundcloud.com/bdsmradioeu/102-bdsmradioeu-jingles
",0
"https://soundcloud.com/musicdrugs07/cavalry
",0
"http://MGA.fm
",13
"https://open.spotify.com/track/6qTtO6XkIsGSySjjnCsWPu?si=GkM1MujVRKK9whSdRk2kGA
",0
"https://www.youtube.com/watch?v=4I8gTAhDL_4&feature=youtu.be
",0
"https://open.spotify.com/album/6ujATgCmWv3kb9WzZFQ9Ex
",0
"https://www.timesnownews.com/sports/others/article/wwe-news-seth-rollins-opens-about-cm-punk-s-original-idea-for-the-shield-roman-reigns-dean-ambrose/364020
",0
"https://www.dunmowbroadcast.co.uk/what-s-on/theatre/rebus-long-shadows-1-5888125
",1
"https://www.instagram.com/p/BrZ5q1igDh_/?utm_source=ig_twitter_share&igshid=15mqtl20cya49
",0
"https://nana-music.com/sounds/04955092/
",0
"https://variety.com/2019/film/in-contention/academy-oscars-skipping-categories-telecast-1203136724/?utm_source=dlvr.it&utm_medium=twitter
",0
"http://www.espn.com/womens-college-basketball/story/_/id/25974995/why-no-1-seed-baylor-issue-ncaa-selection-committee-top-16-reveal?utm_source=dlvr.it&utm_medium=twitter
",0
"https://www.soultracks.com/first-listen-kirk-franklin-love-theory
",0
"https://www.youtube.com/watch?v=5LCGn9UFNAY&feature=youtu.be
",1
"https://www.youtube.com/watch?v=7KdWuQyIEYk&feature=youtu.be
",0
"https://www.youtube.com/watch?v=-T2IcR8sKT0&feature=youtu.be
",0
"http://www.ajandtara.com/
",55
"https://music.amazon.co.jp/albums/B00BKM6VQE?do=play&trackAsin=B00BKM6Y0C&ref=dm_sh_k9pehYpC8woz9YDgQKgumkD7M
",0
"https://play.google.com/store/music/album?id=Bj64iktzhdxnpwkwg6fjkqipaku
",0
"https://www.mother.ly/child/29-ways-for-kids-to-play-discover-and-have-fun-offline
",0
"https://www.facebook.com/RecorderCembalo/about/
",0
"https://www.facebook.com/116969141692713/posts/2264172726972333/
",0
"https://www.gazetadopovo.com.br/politica/parana/ganhador-de-r-50-mil-do-nota-parana-de-fevereiro-e-de-curitiba-confira-seus-bilhetes-e8n2q6e8rmtjgla6jd02begu7/
",0
"https://www.twitch.tv/shnaff
",0
"https://www.bbc.com/news/entertainment-arts-47056874
",0
"https://sire.fm/greatoutdoors
",0
"https://www.youtube.com/watch?v=-Y8q-x1gmWI&feature=youtu.be
",0
"https://www.nature.com/articles/s41591-018-0337-7?error=cookies_not_supported&code=c7d39bb2-785f-4388-9777-38b2a8283638
",0
"https://hypel.ink/
",3
"http://popcrush.com/katy-perry-music-break-college-paper-interview/?ref=tmz_pc
",0
"https://str2.openstream.co/399
",3
"https://music.line.me/album/mb00000000014bb094?track=mt000000000c6f4cff
",0
"https://www.youtube.com/watch?v=shQEAyrlb6Q&feature=youtu.be
",0
"https://plaza.rakuten.co.jp/goonamyjourney/016009/
",0
"https://www.nikkansports.com/sports/news/201902120000082.html?utm_source=twitter&utm_medium=social&utm_campaign=nikkansports_ogp
",0
"https://www.rappler.com/life-and-style/travel/222042-bucket-list-nature-destinations-philippines-2019?utm_medium=Social&utm_source=Twitter#Echobox=1549935894
",0
"https://tuftsdaily.com/arts/2019/02/11/lightning-thief-musical-honors-source-material-holding-author-cole-friedman/
",1
"http://discountsocone.com/sports/post-22856/
",0
"https://www.thestranger.com/
",7168
"https://www1.nhk.or.jp/sports/curling/
",0
"https://www.reverbnation.com/open_graph/song/30502849
",0
"http://ul.ink/GW78-6CGAWE_T
",0
"https://grooveradiopt.com/
",12
"https://www.pjstar.com/photogallery/IP/20190211/SPORTS/211009994/PH/1?rssfeed=true&utm_source=dlvr.it&utm_medium=twitter
",0
"https://www.pscp.tv/w/bzIc8jExMzkwMjEyfDF2T3h3WlZqRVBiSkJ0Qj8c0_Nu_rxJWoMaya3wzxmYlrerNY_z_BtzjEYdZg==
",0
"https://onlyfans.com/3162367/ladysouthern
",0
"https://www.youtube.com/watch?v=WvBgbWZx_so&feature=youtu.be
",0
"https://avn.com/awards/voting?tw
",2
"http://boblazzari.blogspot.com/2007/10/lazzaris-sports-roundup-102007.html
",0
"https://globalowls.com/100-solutions-climate-change/
",0
"https://soundcloud.com/maahesthegreat/star
",0
"https://www.smore.com/m5a32
",0
"https://www.instagram.com/p/Btw4_fvn0sx/?utm_source=ig_twitter_share&igshid=os3ojlohva5s
",0
"https://www.twitch.tv/dominic943
",0
"https://www.citizen-times.com/story/sports/high-school/hshuddle/2019/02/11/longer-play-clock-possible-instant-replay-coming-n-c-high-school-football/2839180002/
",0
"https://www.facebook.com/ArtentoDiviniOfficial/
",11
"https://www.nytimes.com/2019/02/11/sports/anthony-davis-trade-new-orleans.html
",3
"https://www.as-web.jp/sports-car/451070
",0
"https://www.youtube.com/watch?v=A-wXtRO0CHw&feature=youtu.be
",0
"http://www.espn.com/espnw/sports/article/25972158/kelly-barnhill-florida-send-daunting-reminder-softball-opening-weekend
",0
"https://www.woodburybulletin.com/sports/gymnastics/4569605-gymnastics-park-finishes-regular-season-win-over-woodbury
",1
"https://nana-music.com/sounds/049550a0/
",0
"https://www.youtube.com/watch?v=vcPXVPXAA-8&feature=youtu.be
",1
"https://www.youtube.com/watch?v=CqaAs_3azSs&feature=youtu.be
",3
"https://www.cnn.com/2019/02/10/entertainment/drake-speech-grammy-awards-2019/index.html
",5
"http://sudamasaki-music.com
",39
"https://hot.detik.com/celeb/d-4424130/kemeriahan-grammy-awards-hingga-penampilan-serba-hitam-angel-pieters?utm_source=twitter&utm_medium=oa&utm_content=detik_foto&utm_campaign=cmssocmed
",0
"https://www.cbssports.com/mlb/news/pirates-sign-country-music-legend-garth-brooks-to-week-long-contract-for-spring-training/
",1
"https://form.office.naver.com/form/responseView.cmd?formkey=NWJkMTRkYWUtNWQzYS00M2E0LWE3ZWMtZDM0YzhiZjg3MjBk
",0
"https://www.amazon.com/Dinosaur-Lake-Kathryn-Meyer-Griffith-ebook/dp/B07N4F3D5M
",0
"https://www.youtube.com/watch?v=LbF_7aprUFk&feature=youtu.be
",0
"https://www.clickasnap.com/i/32k3q66h2c27tbbv#.W_x1GS1NnXQ.twitter
",0
"https://mdpr.jp/music/1821401
",0
"https://www.youtube.com/watch?v=4fndeDfaWCg&feature=share
",1
"https://www.twitch.tv/truezeeker
",1
"https://www.10best.com/awards/travel/best-emerging-festival/sol-blume-sacramento/
",0
"https://nana-music.com/sounds/04955059/
",0
"https://www.nikkansports.com/sports/news/201902110001175.html?utm_source=twitter&utm_medium=social&utm_campaign=nikkansports_ogp
",0
"https://open.spotify.com/album/0OsbmFv4NRElLs93YjcrJw?si=CEV3ovyzQYSGO8P9Xk-tfw
",0
"https://nana-music.com/sounds/04955086/
",0
"https://www.youtube.com/watch?v=DHY-TMIR0-o&feature=youtu.be
",0
"https://www.nytimes.com/2019/02/11/world/middleeast/saudi-arabia-tourism-music-festival.html
",3
"https://www.youtube.com/watch?v=JW5jOt4COmM&feature=youtu.be
",0
"https://www.jutarnji.hr/kultura/glazba/tihomir-pop-asanovic-nakon-43-se-godine-vratio-prvoj-ljubavi-novi-album-pionira-jazz-rocka-iz-sedamdesetih-godina/8366480/
",1
"https://gonintendo.com/stories/328518-capcom-adds-a-ton-of-music-to-spotify
",1
"https://www.youtube.com/watch?v=CXc2jOu1K48&feature=youtu.be
",0
"https://www.courier-journal.com/story/sports/college/louisville/2019/02/11/louisville-football-starts-spring-practices-under-satterfield/2830604002/
",0
"https://www.montgomeryschoolsmd.org/uploadedFiles/departments/athletics/sports/2019%20County%20Wrestling%20Tournament%20Fan%20Focus.pdf
",0
"https://www.skilledmedical.com/job/98338/
",0
"https://music.line.me/album/mb0000000001665f05?track=mt000000000d968e32
",0
"https://espnsports-tv.com/2019/02/12/2019-westminster-kennel-club-dog-show-live-stream-dog-show-2019-2/
",0
"https://thebluegrasssituation.com/read/16-stories-to-celebrate-black-history-month/
",0
"https://www.skilledmedical.com/job/98339/
",0
"http://www.cover.9mag.theunder.us/
",61
"https://oldtothenew.wordpress.com/2019/02/07/new-joint-bva-3/
",0
"https://digest.bps.org.uk/2018/10/12/what-are-we-like-10-psychology-findings-that-reveal-the-worst-of-human-nature/
",19
"https://www.bbc.co.uk/music/artists/45a663b5-b1cb-4a91-bff6-2bef7bbfdd76
",159
"http://NewAppleLiterary.com
",37
"http://www.toxinmagazine.com/sounds/new-marshmello-rl-grime-blanke-your-edm-week-in-music/
",0
"https://nana-music.com/sounds/049550ad/
",0
"https://www.youtube.com/watch?v=VuN40zVl9RE&feature=youtu.be
",0
"https://www.10best.com/awards/travel/best-general-food-festival-2019/fire-flour-fork-richmond-va/
",0
"http://HotNewEntertainment.com
",4
"https://www.youtube.com/watch?v=yEuclj243JQ&feature=youtu.be
",0
"https://www.lohud.com/picture-gallery/sports/high-school/track/2019/02/12/section-1-class-c-championships/2843569002/
",0
"https://www.sbs.com.au/news/plummeting-insect-numbers-threaten-catastrophic-collapse-of-nature
",3
"https://www.dailyrindblog.com/5-ways-impact-music-video/
",0
"https://dayplus.info/sports-1504/
",0
"https://soundcloud.com/snoopy-sofly/sets/life-stories?utm_source=soundcloud&utm_campaign=share&utm_medium=twitter
",0
"https://ca.sports.yahoo.com/news/report-raptors-sign-jeremy-lin-hawks-buyout-complete-184307932.html
",1
"https://shopee.co.id/TON-NASA-KEMASAN-250-GRAM-i.25184638.1142831345
",0
"https://fineartamerica.com/featured/trees-in-the-morning-mist-sharon-mayhak.html?product=framed-print
",0
"https://www.youtube.com/watch?v=rn_YodiJO6k&feature=youtu.be
",27
"http://cafe.daum.net/RBWBOYZ/UGWw/42
",0
"http://website.shoutcastwidgets.com/107/
",39
"https://ameblo.jp/music-heat/entry-11937378693.html
",0
"https://www.ticketweb.com/event/azchike-fvbe-brick-and-mortar-music-hall-tickets/9064665?pl=brickmortar&REFID=clientsitewp
",0
"http://ai.2ch.sc/newsplus/
",190
"https://thirdrockradio.net/
",112
"https://www.pscp.tv/w/bzHeSzM0MjQ0NDh8MWpNS2dPRUxsTVlLTKFl-4UxHGnx3wC2ocXk3zK3tUGgsJyJmObPTFezX3mw
",0
"https://www.youtube.com/watch?v=dwWs7ZnGekc&feature=youtu.be
",1
"https://images.nasa.gov/#/details-iss022e062966.html
",235
"http://thecolorcommentary.com/the-61st-annual-grammy-awardsr-scores-20-million-viewers/
",0
"https://www.youtube.com/watch?v=PiBZeneQCFA&feature=youtu.be
",0
"https://www.youtube.com/watch?v=NWx1Uywy-cI&feature=youtu.be
",0
"https://320hq.com/video-the-61st-annual-grammy-awards-2019-full-hd-show/
",0
"http://www.wgot.org/2019/02/11/new-music-added-joan-jett-masked-intruder-spiral-stairs-and-supercaan/
",2
"https://www.youtube.com/watch?v=I4xkgFIBbCs
",1
"https://avn.com/awards/voting/favorite-indie-clip-star
",56
"https://drive.google.com/file/d/1zZC0CgEFRRz_gXSf-K6CAcjCEHYHkADS/view?usp=drive_open
",0
"http://music.aamto.com/?p=5839
",0
"https://str2.openstream.co/440
",25
"https://mailchi.mp/santa-clarita/co6p0vp12g-2780829
",0
"https://www.bonanza.com/listings/582178567
",0
"https://www.nasa.gov/feature/goddard/nasa-study-mass-gains-of-antarctic-ice-sheet-greater-than-losses/
",509
"https://str2.openstream.co/400
",2
"https://www.instagram.com/p/Btw5EZ7lBR0/?utm_source=ig_twitter_share&igshid=1ufchepzbnw6l
",0
"https://str2.openstream.co/513
",0
"https://str2.openstream.co/398
",30
"https://www.brainline.org/blog/permission-tell-truth/2259-days-and-counting
",0
"https://www.brainline.org/news/2019/02/dolphins-stories-cte-here%E2%80%99s-what-you-will-learn-hbo%E2%80%99s-buoniconti-documentary
",0
"https://www.brainline.org/news/2019/02/calls-change-law-ptsd-related-deaths
",0
"https://www.greensboro.com/sports/hsxtra/basketball/hsxtra-com-basketball-top-boys-poll-feb/article_da84ab5c-2e11-11e9-8524-b79a7be6c853.html
",0
"https://www.brainline.org/news/2019/02/last-thing-football-needs-its-new-league-celebrate-old-violence
",0
"https://www.brainline.org/news/2019/02/report-bob-costas-removed-nbc-over-concussion-comments
",0
"https://wjla.com/news/nation-world/nevada-porch-pirate-steals-14-year-old-boys-chemotherapy-medicine
",0
"https://www.okayafrica.com/grammys-2019-winners-best-world-music-album-soweto-gospel-choir/?utm_source=facebook&utm_medium=referral&utm_campaign=instant
",0
"https://www.lyndentribune.com/sports/cole-bajema-is-lynden-christian-s-all-time-scorer/article_0324320a-2e5b-11e9-9f18-27e4c8afd44b.html
",0
"https://nana-music.com/users/7144110/
",0
"https://www.pscp.tv/w/bzIeADFvUEtMeWt5RFhqZG58MWpNS2dPRUxsTVlLTPQmeWWbMqOUTkQyu5ZpnZWW1zwkAoCpC0Oean_5JbPy
",0
"https://www.amazon.com/Kim_Waters_-_Walk_On_Air-Digital-Music/s?ie=UTF8&page=1&rh=n%3A163856011%2Ck%3AKim_Waters_-_Walk_On_Air
",0
"https://www.youtube.com/watch?v=u0kj4gWZltc
",0
"https://en.wikipedia.org/wiki/Hubert_Dreyfus%27s_views_on_artificial_intelligence
",53
"https://www.ebay.com/itm/173781870046?ul_noapp=true
",0
"https://send-anywhere.com/web/downloads/BO7CZNVX
",0
"https://send-anywhere.com/web/downloads/M4572LCN
",0
"http://www.hoodzradio.com
",35
"http://www.roadracingworld.com/news/motoamerica-to-have-live-and-same-day-coverage-on-fox-sports-fs2-network-in-2019/
",0
"https://music.amazon.co.jp/playlists/B07K9HF79Z?ref=dm_sh_SPY2BgAzmrAAfJMah6KQPxKw7
",0
"https://ntrs.nasa.gov/archive/nasa/casi.ntrs.nasa.gov/20100011897.pdf
",6
"https://www.youtube.com/watch?v=n__ZueALcFk&feature=youtu.be
",0
"https://www.bostonglobe.com/arts/2019/01/30/stl-gld-view-there-nothing-normal-about-the-new-normal/xaBKFi0uvphqcc5md9orjK/story.html?event=event25
",0
"http://topics.smt.docomo.ne.jp/article/dailysports/sports/20190211162?fm=twitter
",0
"https://www.sportskeeda.com/amp/cricket/psl-2019-5-foreigner-debutants-to-watch-out-for-1?key=skctwi&utm_source=AUTOFEEDTWI&utm_medium=skcritwi&utm_campaign=sk__cricket
",0
"https://www.youtube.com/watch?v=Syq7Hh1flzg&utm_source=dlvr.it&utm_medium=twitter
",0
"http://tasteofcountry.com/2019-grammy-awards-rehearsals-photos/
",2
"https://www.tamilandroidtipskumar.com/2019/02/best-3d-music-player-in-android.html
",0
"https://www.tamilandroidtipskumar.com/2019/02/super-android-3d-and-71-music-player.html
",0
"https://itunes.apple.com/us/playlist/combat-music/pl.u-ZmblxWGC064BXg2
",0
"https://soundcloud.com/ceoabso/dj-absolut-feat-sheek-louch-raekwon-nathaniel-uncle-murda-its-all-love
",0
"https://www.instagram.com/p/Btwy9FRnTuD/
",0
"https://www.youtube.com/watch?v=vQ84-ZNHagY
",12
"https://www.youtube.com/watch?v=BLov4n9v6OA&feature=youtu.be
",0
"https://nana-music.com/sounds/049550c2/
",0
"https://www.bbc.co.uk/music/artists/40164a19-3880-4566-acf7-875239a64516
",1
"https://www.youtube.com/watch?v=p0lRPwK-sDU&feature=youtu.be
",0
"https://www.pfrvintage.com/
",52
"https://www.youtube.com/watch?v=fbNDJRwXKGc&feature=youtu.be
",0
"https://readersupportednews.org/news-section2/318-66/54928-plummeting-insect-numbers-threaten-collapse-of-nature
",0
"https://countrymusictattletale.com/2019/02/11/dan-shay-shine-at-the-2019-grammy-awards/
",0
"https://www.twitch.tv/yourstarling
",0
"https://static-cdn.jtvnw.net/ttv-static/404_preview-640x360.jpg
",916
"https://countrymusictattletale.com/2019/02/11/kacey-musgraves-goes-4-for-4-at-2019-grammy-awards/
",0
"https://amp.star-telegram.com/sports/spt-columns-blogs/mac-engel/article226066485.html?__twitter_impression=true&fbclid=IwAR09mmFcOMWs2-CTR4OkDGNtKsWnzOmB9OwKg7tJtTvMbQ87MCyuMWDsQB0
",0
"https://www.rollingstone.com/music/music-news/first-time-ringo-starr-791514/
",3
"https://www.ebay.com/itm/263170436611?ul_noapp=true
",0
"https://selection.music.dmkt-sp.jp/music/1009305445
",0
"https://www.mlive.com/expo/sports/g66l-2019/02/72cd4b8b3d7090/fans-can-pick-saginawarea-boys-basketball-player-of-the-week-feb-49.html
",0
"https://play.google.com/music/m/Taq24h6mhap7fzd3xwuii5tkczy?t=Feels_Good_To_Be_Here
",0
"http://becteromusic.com/news-detail.php?id=1409
",0
"https://www.express.co.uk/news/science/1085335/NASA-asteroid-warning-Apocalypse-asteroid-Bennu-Valentines-Day-sky-osiris-rex-mission
",1
"https://www.bbc.co.uk/music/artists/8128c6d5-7f42-4308-9803-00c69de41503
",3
"https://www.youtube.com/watch?v=kYwYb3Pa9p4&feature=youtu.be
",6
"https://www.youtube.com/watch?v=lCXMFwQbwQ8&feature=youtu.be
",0
"https://www.youtube.com/watch?v=vMvNBfzh_F0&feature=related
",0
"https://nana-music.com/sounds/049550c7/
",0
"https://www.youtube.com/watch?v=lYkVElaux80
",1
"https://radionowhouston.com/113656/bts-presents-best-rb-album-at-2019-grammy-awards-video/
",2
"https://vote.global.com/
",96
"https://www.bbc.co.uk/music/artists/4f3b96ed-f1f1-4a68-be73-0e0657837096
",224
"https://www.youtube.com/watch?v=pBbT4I4HX4E&feature=youtu.be
",0
"https://www.thegazette.com/subject/sports/hawkeyes/iowa-womens-basketball/iowa-ncaa-wbb-tournament-seed-reveal-hosting-chances-20190211
",0
"http://www.news-gazette.com/podcasts?p=monday-night-sportstalk&e=podcast-monday-night-sports-talk-2-11-19
",0
"https://www.eyeem.com/p/136993453
",0
"https://www.computers.shopping4all.uk/asus-rs700a-e9-rs12-4nvme-rackmount-server-epyc-ddr4-s-ata-600-1u/
",0
"https://www.instagram.com/p/Btw5Jxtnoir/?utm_source=ig_twitter_share&igshid=suqu2qf9ojil
",0
"https://www.cnn.com/entertainment/live-news/grammys-2019/index.html
",20
"https://www.cbsnews.com/live-news/grammys-winners-list-live-updates-61st-annual-grammy-awards-2019-02-10/
",4
"https://www.keloland.com/sports/south-dakota-prep-media-basketball-poll-february-11th/1773553452?utm_medium=social&utm_source=twitter_KELOSports
",0
"https://www.palmbeachpost.com/news/20190211/new-artigras-fine-arts-festival-will-be-strawless-for-first-time/1?rssfeed=true
",0
"https://itunes.apple.com/gb/music-video/what-we-do-edited-version/271459295
",0
"https://www.postbulletin.com/sports/high_school/basketball/girls-basketball-leroy-ostrander-wabasha-kellogg/article_c000796a-2e65-11e9-9468-20677ce07cb4.html
",0
"https://thegirlsattherockshow.com/new-music-monday-for-the-week-of-february-11-2019/?utm_source=feedburner&utm_medium=twitter&utm_campaign=Feed%3A+TheGirlsAtTheRockShow+%28The+Girls+At+The+Rock+Show%29
",0
"https://www.estevanmercury.ca/sports/other-sports/fonstad-named-whl-player-of-the-week-1.23630630
",1
"https://soundcloud.com/sunny-zoe-on-the-beat/new-beat-dark-sky
",0
"https://www.law.com/?slreturn=20190112001726
",0
"https://item.rakuten.co.jp/kstar/kkkbs-024-2/?scid=af_pc_etc&sc2id=af_101_0_0
",0
"http://www.newsbug.info/monticello_herald_journal/sports/twin-lakes-upends-carroll-to-end-roller-coaster-week/article_009f48e9-3f89-5c73-82e3-c99104307ff2.html#utm_campaign=blox&utm_source=facebook&utm_medium=social
",0
"http://total-sports.jp
",0
"https://www.wjct.org/listen/
",159
"https://filmfreeway.com/IndependentShortsAwards
",1
"https://www.binance.com/en?ref=10078236
",0
"https://www.yomiuri.co.jp/sports/etc/20190212-OYT1T50009/
",0
"https://www.youtube.com/watch?v=sjWvkqEzIno&feature=youtu.be
",0
"https://www.smithsonianmag.com/science-nature/royal-raptor-180949437/
",24
"https://www.instagram.com/p/Btw4XUbFv91/?utm_source=ig_twitter_share&igshid=yek45lhw5zyy
",0
"https://www.youtube.com/watch?v=tSzEA39hSoc&feature=youtu.be
",0
"https://www.youtube.com/watch?v=EFTV3IIjeNw&feature=share
",0
"http://shusaints.com/sports/wbkb/2018-19/releases/20190211v99g40
",0
"https://www.sierrasun.com/news/sports/north-lake-tahoe-skiers-sweep-team-wins-at-sierra-at-tahoe-heavenly/
",0
"https://www.express.co.uk/showbiz/tv-radio/1085325/BAFTA-2019-BREXIT-Jibe-Joanna-Lumley-British-Academy-Film-Awards-BBC-One
",4
"https://www.nbcnews.com/news/us-news/here-are-oscar-winners-you-won-t-see-academy-awards-n970376?cid=public-rss_20190212
",0
"https://www.nikkansports.com/sports/news/201902120000099.html?utm_source=twitter%26utm_medium=social%26utm_campaign=nikkansports_ogp
",0
"https://megarockradio.net/
",282
"https://www.youtube.com/watch?v=gH0a_rcsQTU&feature=youtu.be
",0
"https://www.euroclix.nl/consent?origurl=%2Findex%3FSRef%3DY92ZyxMWubwMVtWU
",0
"https://scopemusic.me/
",0
"https://www.youtube.com/watch?v=ZC1XUIyX1eQ&feature=youtu.be
",0
"https://www.thecable.ng/un-buhari-broke-human-right-laws-by-suspending-onnoghen/amp
",1
"https://www.myrtlebeachonline.com/sports/article226125905.html
",0
"https://itunes.apple.com/us/album/nasa/1450330588?i=1450330595
",0
"http://www.renewamerica.com/columns/dahlgren/190211
",1
"https://qetic.jp/music/bts-190211/308470/?utm_campaign=PostShareBtn
",0
"https://www.hotnewhiphop.com/xxxtentacion-snubbed-by-grammy-awards-during-in-memoriam-segment-news.71683.html
",1
"https://www.youtube.com/watch?v=47dtFZ8CFo8&feature=youtu.be
",168
"https://ticketjam.jp/ticket/sports/48875-1901?aid=213
",0
"https://www.latimes.com/entertainment/music/la-et-ms-bet-experience-nicki-minaj-cancel-20190211-story.html?outputType=amp&__twitter_impression=true
",0
"https://www.youtube.com/watch?v=1mf9rQM_WIc&feature=youtu.be
",0
"https://docs.google.com/forms/d/e/1FAIpQLScfAcAP-xgJzi8-jG5iAsCLxfymP6UzX7RJ32eSjlx3dOq7IA/viewform?usp=send_form
",0
"https://paper.li/f-1300236527?edition_id=da0e2f70-2e68-11e9-9bab-0cc47a0d1609
",0
"https://soundcloud.com/skyhouse/harris-dead-man-walking-skyhouse-music-monsta-mix?utm_source=soundcloud&utm_campaign=share&utm_medium=twitter
",0
"https://www.cincinnati.com/videos/sports/2019/02/12/video-fc-cincinnati-unveils-inaugural-mls-jerseys/2843555002/
",0
"https://www.indystar.com/story/sports/college/butler/2019/02/11/milwaukee-transfer-bryce-nze-waiting-his-turn-butler-basketball/2835730002/
",1
"https://timesofindia.indiatimes.com/sports/badminton/teenager-lakshya-sen-wants-to-become-indias-best-badminton-player/articleshow/67938218.cms
",0
"https://open.spotify.com/album/3jrnigGVGtqExlYgtpg2er?si=S4DKLL0qSLCmsj68z2hrTQ
",0
"https://play.google.com/music/m/I47boagro7nh5akes2eilopxn5q
",0
"https://www.vogue.com/vogueworld/slideshow/grammy-awards-2019-best-dressed/amp?utm_source=twitter&utm_medium=social&utm_brand=vogue&mbid=social_twitter&utm_social-type=owned&__twitter_impression=true
",0
"https://sports.yahoo.com/now-kyler-murray-chosen-football-whats-next-mlb-235931692.html
",0
"https://newswing.com/cricket-and-glamor-of-lohardaga-t20-tournament-organized/92513/
",1
"https://www.instagram.com/p/Btw5Oa8AlUfLHDIWi4ytNa9G-sp9J3ZDrnbixQ0/?utm_source=ig_twitter_share&igshid=pecx0obs3fri
",0
"http://www.45worlds.com/cdalbum/cd/uicy94296
",0
"https://www.twitch.tv/tidalwaveslionLet's
",0
"https://www.forbes.com/sites/geraldfenech/2019/01/15/integrating-art-gaming-and-commerce-through-blockchain/#2ac9b72d56d3
",3
"https://www.youtube.com/watch?v=JL-xtXWwNSQ&feature=youtu.be
",0
"https://paper.li/kbaker388/1378176538?edition_id=e0c3b6f0-2e68-11e9-9bab-0cc47a0d1609
",0
"https://www.mpnnow.com/
",2449
"https://www.mpnnow.com/sports/20190209/dec-survey-reports-healthy-moose-in-ny?unique_ID=636855336431324669
",0
"https://music.line.me/artist/mi000000000c814f21
",57
"https://music.line.me/artist/mi000000000e6c53d9
",57
"https://variety.com/2019/music/news/drake-speech-grammys-1203136182/
",4
"https://www.express.co.uk/news/science/1085424/Nasa-asteroid-warning-asteroid-2019-cn2-earth-close-approach-moon-distance
",2
"https://leaderpost.com/sports/basketball/university-of-regina-cougars-mens-basketball-team-ready-for-provincial-showdown
",3
"https://www.lyonne.fr/auxerre/sports/aj-auxerre/2019/02/11/l-aja-se-saborde-a-brest-1-0_13132539.html
",0
"https://www.footiz.com/aj-auxerre/
",0
"https://www.francebleu.fr/sports/football/l-aja-est-grippee-1549927655
",0
"https://www.usaradio.live/radio/
",5
"https://www.amazon.com/Bitch-Niggaz-Explicit-Fury-Ras/dp/B07M5HQZ6X
",0
"https://www.trendjamz.com.ng/music-bechino-necessari/
",0
"https://www.trendjamz.com.ng/music-daristarz-memudia/
",0
"http://home.kred/
",214
"https://www.trendjamz.com.ng/music-sammydee-sokoto-wetin/
",0
"http://music.tumblr.com/
",191
"https://www.facebook.com/543795611/posts/10161322443785612/
",0
"https://www.10best.com/awards/travel/best-film-festival-2019/true-false-film-fest-columbia-mo/
",0
"http://www.xxlmag.com/news/2019/02/female-rappers-celebrate-cardi-b-best-rap-album-win-2019-grammys/
",2
"https://music.bugs.co.kr/track/31325649
",0
"https://www.youtube.com/watch?v=gzvTwX1Sty4&feature=youtu.be
",0
"https://music.bugs.co.kr/track/30418008
",0
"https://music.line.me/artist/mi000000000e6c53cd
",1
"https://music.line.me/artist/mi000000000c8164c6
",1
"https://nana-music.com/sounds/049550e7/
",0
"https://open.kakao.com/o/s1KW2lV
",0
"http://www.xxlmag.com/news/2019/02/cardi-b-deactivates-instagram-account-after-grammy-awards-win-backlash/
",2
"https://afrobeatsglobal.com/2019-grammy-awards-full-list-of-winners-of-each-categories/
",0
"https://www.houstonchronicle.com/sports/outdoors/article/Survey-tracks-shifts-in-Texas-wintering-13603356.php?unique_ID=636855336431324669
",0
"http://radiko.jp/share/?sid=K-MIX&t=20190211000000
",0
"https://www.youtube.com/watch?v=tzsdbZwYNJc&feature=youtu.be
",0
"https://open.spotify.com/track/5mu1gGfVgRb1npK4Xwn7Z4?si=lvDFdiliSrWb9YsmSlMBuw
",0
"https://www.timesnownews.com/sports/cricket/article/shikhar-dhawan-gautam-gambhir-virender-sehwag-condemn-assault-of-delhi-selector-amit-bhandari/364014
",0
"https://www.catsinam.org.au/membership/annual-catsinam-awards
",14
"https://github.com/lattera/articles/blob/master/hardware/apu/2019-02-05_flashing_bios/article.md
",0
"https://www.youtube.com/watch?v=-OfOkiVFmhM&feature=youtu.be
",0
"https://www.cbc.ca/news/indigenous/grammys-2019-young-spirit-cree-song-1.5014446?fbclid=IwAR1SyMWAoKJW2lr2JVL76C8FZ8kjw8WL65YtpoGc_6xTo9hbsXz8o4IgeyE
",0
"https://www.facebook.com/200009313375217/posts/2117741998268596
",0
"http://enoriente.com.ve/noticias/cine-radio-y-television/3697-documental-where-chaos-reigns-nominado-al-ibero-american-short-film-awards
",0
"http://cafe.daum.net/CherryBullet/lCmH/35
",0
"https://www.nature.com/articles/s41388-019-0745-2?error=cookies_not_supported&code=c82b3ea4-07a7-4108-b15b-30e0cb84d54c
",0
"https://solarsystem.nasa.gov/raw_images/378308/
",0
"https://ticketjam.jp/ticket/sports/56821-1902?aid=216
",0
"https://www.miamiherald.com/sports/spt-columns-blogs/barry-jackson/article226105310.html
",1
"https://www.youtube.com/watch?v=4zlHCYaMu1o&feature=youtu.be
",0
"https://www.youtube.com/watch?v=sAOdtjQPPqE&feature=youtu.be
",0
"https://www.youtube.com/watch?v=w_aSA81ej9A&feature=youtu.be
",0
"https://cypher9ja.com/music-teeban-x-davido-x-blublood-winner/
",0
"https://www.dailymail.co.uk/ushome/index.html
",49550
"http://lacelebs.co/olivia-palermo-attends-2018-british-fashion-awards-in-london-12-10-2018/
",0
"https://www.detroitnews.com/story/sports/nba/pistons/2019/02/11/pistons-roller-coaster-ride-takes-upturn-back-playoff-hunt/2837049002/
",0
"https://detox1st.com/zen-meditation-piano-music-for-spiritual-detox-soul-cleansing-relaxing-music-calming-music/
",0
"https://www.forbes.com/sites/jamessomauroo/2019/02/11/nhs-announces-workforce-plan-for-genomics-ai-and-digital-medicine/
",2
"https://www.kiro7.com/news/trending-now/grammy-awards-2019-joy-villa-ricky-rebel-wear-pro-trump-fashion-on-red-carpet/918298543
",1
"https://www.hudl.com/video/3/6009515/5bde81e615f5900d6cf4213d
",0
"https://www.youtube.com/watch?v=K3OurDXdlic&app=desktop
",0
"https://play.google.com/music/m/A4b7snvpuob3hmy2g5ty52rqce4?t=STU48
",0
"https://theglowup.theroot.com/black-myself-rhiannon-giddens-forms-supergroup-our-nat-1832218543?utm_medium=sharefromsite&utm_source=theglowup_twitter&utm_campaign=sharebar
",0
"https://str2.openstream.co/425
",35
"https://www.nytimes.com/2019/02/11/sports/westminster-dog-show.html?smid=nytcore-ios-share
",0
"https://www.instagram.com/p/Btw5SunluID/?utm_source=ig_twitter_share&igshid=ur6bx2jn9sj8
",0
"https://www.youtube.com/watch?v=AiLDPgd652Y&feature=share
",0
"https://www.youtube.com/watch?v=WMPO5qgm39E&feature=youtu.be
",2
"https://www.rocketcitynow.com/sports/sports-video/charger-chillout-uah-vs-west-liberty-highlights-_20190211135856/1772848275
",0
"http://t.me/potentiamgroup
",1
"https://www.instagram.com/p/Btw5TCTgqWs/?utm_source=ig_twitter_share&igshid=twno0ira5si0
",0
"https://ezierr.com/blog/poll/polls-vote-for-your-favorite-3music-awards-nominee/
",0
"https://music.line.me/artist/mi0000000002c28784
",58
"https://www.facebook.com/story.php?story_fbid=10215727325729200&id=1624805773
",0
"https://www.ebay.com/itm/Disney-Fairy-Tale-Holiday-Christmas-Music-CD-with-Lyrics-and-Poster-Sealed/352592099937?hash=item5218207a61:g:kOoAAOSwT6JZ1u4n
",0
"https://www.youtube.com/watch?v=vz_29BWNQoQ&feature=youtu.be
",0
"https://m.post.naver.com/viewer/postView.nhn?volumeNo=17802806&memberNo=29747755
",0
"https://www.dailymail.co.uk/tvshowbiz/article-6693451/Lily-James-sports-broad-smile-meets-fans-Eve-rehearsals.html
",0
"https://taskandpurpose.com/afghanistan-firefight-valor-awards
",0
"https://www.youtube.com/watch?v=r1JE80r2Gs0&feature=youtu.be
",0
"https://www.twitch.tv/hennoxd
",0
"https://soundcloud.com/user-tr0y_w0nder/wnt-smn
",0
"https://solarsystem.nasa.gov/people/3023/morgan-cable/
",1
"https://www.youtube.com/watch?v=AVyISaJYL-o&feature=youtu.be
",0
"http://ThaAfterparty.com
",184
"https://www.instagram.com/alltexasmusic/
",0
"https://www.youtube.com/watch?v=YrIczYCHSVU&feature=youtu.be
",0
"https://fineartamerica.com/featured/slow-mo-flight-sharon-mayhak.html?product=duvet-cover
",0
"https://music.line.me/album/mb0000000001594a10
",1
"https://opmed.doximity.com/articles/the-new-golden-age-of-medicine-there-s-no-better-time-to-be-a-doctor/
",0
"https://www.indiemusicreporter.com/music-industr-news/a-b-c-allboutcash-cutthroat-a-list-rapper-from-louisville-ky
",0
"https://www.sanspo.com/sports/news/20190212/ten19021210490002-n1.html
",0
"https://www.youtube.com/watch?v=NtzrLpxM298
",77
"https://chokkanteki.com/music/3100/
",0
"https://www.youtube.com/watch?v=vOPhwfPwDAs&feature=youtu.be
",0
"https://sports.v.daum.net/v/20190212091506036
",0
"https://music.amazon.co.jp/albums/B00N494OYW?do=play&trackAsin=B00N4950QI&ref=dm_sh_BOLH94ayXpFSTpGx6cYXjaGkg
",0
"http://sports.hankooki.com/lpage/entv/201902/sp20190211092120136690.htm
",0
"http://www.wpmmradio.com
",12
"http://mha123.blogspot.com/2019/02/in-case-of-kyler-murray-as-bet-big-and.html
",0
"http://mha123.blogspot.com/2019/02/with-anthony-davis-on-his-way-out-new.html
",0
"http://mha123.blogspot.com/2019/02/nba-denies-threatening-pelicans-with.html
",0
"https://solarscience.msfc.nasa.gov/images/magbfly.jpg
",99
"https://yonkersfun.com/2019/02/11/starting-seeds-indoors-workshop-february-24-katonah/
",0
"http://mha123.blogspot.com/2019/02/phil-mickelson-wins-at-pebble-beach-and.html
",0
"https://nana-music.com/sounds/049550f7/
",0
"https://soundcloud.com/user-743965612/sets/the-scam-ep
",0
"https://id.spaceshower.jp/event/awards/close.html
",0
"https://business.3due.uno/link/848767599004101400
",0
"https://music.line.me/artist/mi0000000003c552ab
",2
"https://music.line.me/artist/mi000000000c7c6c58
",1
"https://music.line.me/artist/mi000000000e6c53df
",1
"https://www.youtube.com/watch?v=dbrIzCiBUtA&feature=youtu.be
",0
"https://fanlink.to/voyagertwelve
",0
"https://queentheprophet.com/
",38
"https://www.youtube.com/watch?v=sR-6g0HiZD4&feature=share
",0
"https://www.reverbnation.com/play_now/30441032?utm_campaign=a_public_songs&utm_medium=unknown&utm_source=page_object_news_item
",0
"https://www.reverbnation.com/brooklineentfam
",0
"https://soundcloud.com/ryumatrix
",0
"https://nana-music.com/sounds/049550fc/
",0
"http://naoto0410.com/?p=426926
",0
"https://www.gosanangelo.com/story/sports/high-school/2019/02/09/senior-led-wall-boys-basketball-dominates-district-but-has-bigger-goals-3-a-uil-hawks-chitsey-dusek/2807026002/
",0
"https://www.47trends.com.ng/music-tonywiski-hidden-love/
",0
"https://www.youtube.com/watch?v=NT1HGnotQWc&feature=youtu.be
",2
"https://www.nytimes.com/2019/02/08/sports/hockey/-goalie-ringer-.html
",10
"https://sarah-loft.pixels.com/featured/abalone-shell-abstract-4--sarah-loft.html
",0
"https://music.line.me/artist/mi000000000aaeb130
",2
"https://music.line.me/artist/mi000000000e6c53bf
",1
"https://music.line.me/artist/mi000000000c7e4139
",1
"http://listen.samcloud.com/w/39445/DoHitS-MEDIA
",0
"https://www.southfloridacountrymusic.com/video-cover-of-anxiety-by-amanda-cooksey/
",0
"https://music.line.me/playlist/upi7nLrdtfvhxjzlzsZxbVeKgV91N3D5CU2Y?ck=upi7nLrdtfvhxjzl_n1p3r5t74icoemgn1V5
",0
"https://nana-music.com/users/6992/
",2
"https://www.youtube.com/watch?v=z4cSCf83gn8
",3
"https://soundcloud.com/ihateyeoj/ducati-feat-flacko444-yeoj-1
",0
"http://kpophui.net/music/52251.html
",0
"https://www.youtube.com/watch?v=2AFq2rti3-4&feature=youtu.be
",0
"https://www.spitfirehiphop.com/music/2019/02/benji-iii-edgewood/
",0
"https://www.omelete.com.br/musica/brit-awards-hugh-jackman-abrira-a-premiacao-com-performance-de-o-rei-do-show
",0
"https://soundcloud.com/dope-mack/ya-digg
",0
"https://www.amazon.com/Daphnes-Web-L-Cartin/dp/1938888235
",0
"https://www.gainesvilleregister.com/sports/local_sports/muenster-clinches-th-straight-district-title/article_cf37307c-2e56-11e9-83c8-df4651622652.html
",0
"https://open.spotify.com/track/6flhrkPIIqB0zU8j2T2yyc?si=f4kf2TjoRGCjgJ_Nmzdp5g
",0
"https://itunes.apple.com/us/playlist/love-yourself-single/pl.u-2LBDIaPVVol
",0
"https://www.expressnews.com/sports/outdoors/article/Disappointing-duck-season-coming-to-an-end-13559100.php?unique_ID=636855336431324669
",0
"https://nana-music.com/sounds/0495509a/
",0
"https://booksgosocial.com/2019/02/01/february-sale-guide-general/
",0
"https://sports.yahoo.com/simone-biles-officially-decorated-gymnast-world-history-172105469.html?soc_src=social-sh&soc_trk=fb
",0
"https://itunes.apple.com/album/1450043181?app=itunes&ls=1
",0
"https://www.youtube.com/watch?v=LtxUDSRfmto&feature=youtu.be
",0
"http://jucoweekly.org/sports/wbkb/composite
",63
"https://www.jconline.com/story/news/2019/02/11/trivia-app-givling-awards-10-000-purdue-grad-student-loans/2767853002/
",0
"https://open.spotify.com/track/4uTvPEr01pjTbZgl7jcKBD?si=eQlmJqtURoWiMdt1Xibyng
",0
"https://soundcloud.com/skyhouse/mary-wanna-dub-skyhouse-music-original-mix-1?utm_source=soundcloud&utm_campaign=share&utm_medium=twitter
",0
"https://www.youtube.com/watch?v=kTsEbKFD4ZU&feature=youtu.be
",0
"https://panfurware.sourceaudio.com/#!explorer
",0
"https://www.ourmidland.com/sports/article/Glad-to-be-back-Sadie-DeWildt-healthy-and-happy-13599878.php
",0
"http://www.soogoodmedia.com/soogood-radio/
",16
"https://play.google.com/store/apps/details?mt=8&id=com.pix.arts.SPR&pid=141414&utm_source=dlvr.it&utm_medium=twitter
",0
"https://www.express.co.uk/news/science/1082677/asteroid-warning-nasa-asteroid-tracker-DART-space-rock-earth-defence
",6
"https://www.47trends.com.ng/music-bechino-necessari/
",0
"https://animatedmusic.net/
",0
"https://www.youtube.com/watch?v=sQO9jhWnM_o&feature=youtu.be
",0
"https://nana-music.com/sounds/0495510f/
",0
"https://www.farminguk.com/news/Arla-wins-Innovation-award-at-the-2019-Cream-Awards_51287.html?utm_source=ReviveOldPost&utm_medium=social&utm_campaign=ReviveOldPost
",0
"https://hollywoodlife.com/2019/02/10/grammys-best-dressed-2019-dresses-grammy-awards-red-carpet-fashion/
",0
"https://www.ebay.com/itm/143128134903
",0
"https://www.spreaker.com/user/ashsaidit/fashion-designer-natt-taylor-explores-mu
",0
"http://www.lamezcla.com/home/radio/
",116
"http://ultimateclassicrock.com/frank-zappa-hologram-tour-dates/
",1
