1000_www.youtube.com.txt,0
1003_soundcloud.com.txt,0
1004_nana-music.com.txt,0
1005_naoto0410.com.txt,0
1006_www.gosanangelo.com.txt,0
1007_www.47trends.com.ng.txt,0
1008_www.youtube.com.txt,0
1009_www.nytimes.com.txt,0
100_nana-music.com.txt,0
1010_sarah-loft.pixels.com.txt,0
1011_music.line.me.txt,0
1012_music.line.me.txt,0
1013_music.line.me.txt,0
1014_listen.samcloud.com.txt,0
1015_www.southfloridacountrymusic.com.txt,0
1016_music.line.me.txt,0
1017_nana-music.com.txt,0
1018_www.youtube.com.txt,0
1019_soundcloud.com.txt,0
1021_www.youtube.com.txt,0
1022_www.spitfirehiphop.com.txt,0
1023_www.omelete.com.br.txt,0
1024_soundcloud.com.txt,0
1025_www.amazon.com.txt,0
1026_www.gainesvilleregister.com.txt,0
1027_open.spotify.com.txt,0
1028_itunes.apple.com.txt,0
1029_www.expressnews.com.txt,0
102_natalie.mu.txt,0
1030_nana-music.com.txt,0
1031_booksgosocial.com.txt,0
1032_sports.yahoo.com.txt,0
1033_itunes.apple.com.txt,0
1034_www.youtube.com.txt,0
1035_jucoweekly.org.txt,0
1036_www.jconline.com.txt,0
1037_open.spotify.com.txt,0
1038_soundcloud.com.txt,0
1039_www.youtube.com.txt,0
103_zoe-queen.tumblr.com.txt,0
1040_panfurware.sourceaudio.com.txt,0
1041_www.ourmidland.com.txt,0
1042_www.soogoodmedia.com.txt,0
1043_play.google.com.txt,0
1044_www.express.co.uk.txt,0
1046_animatedmusic.net.txt,0
1047_www.youtube.com.txt,0
1048_nana-music.com.txt,0
1049_www.farminguk.com.txt,0
104_poshmark.com.txt,0
1050_hollywoodlife.com.txt,0
1051_www.ebay.com.txt,0
1052_www.spreaker.com.txt,0
1053_www.lamezcla.com.txt,0
1054_ultimateclassicrock.com.txt,0
105_www.sports-g.com.txt,0
107_www.timesheraldonline.com.txt,0
109_www.facebook.com.txt,0
10_www.youtube.com.txt,0
110_open.spotify.com.txt,0
111_triblive.com.txt,0
113_itunes.apple.com.txt,0
114_www.m-on-music.jp.txt,0
116_itunes.apple.com.txt,0
117_www.usatoday.com.txt,0
118_www.youtube.com.txt,0
119_www.pscp.tv.txt,0
11_natalie.mu.txt,0
120_karifaux.lnk.to.txt,0
121_soundcloud.com.txt,0
122_www.toledoblade.com.txt,0
123_www.mcall.com.txt,0
124_www.youtube.com.txt,0
125_www.facebook.com.txt,0
126_themusic.com.au.txt,0
127_ticketjam.jp.txt,0
128_www.nature.com.txt,0
129_itunes.apple.com.txt,0
12_www.youtube.com.txt,0
130_www.youtube.com.txt,0
132_www.sponichi.co.jp.txt,0
133_www.facebook.com.txt,0
134_www.reuters.com.txt,0
135_itshiphopmusic.com.txt,0
136_open.spotify.com.txt,0
137_www.google.com.txt,0
138_entertain.naver.com.txt,0
139_www.plaintalk.net.txt,0
13_www.genie.co.kr.txt,0
140_www.amazon.co.jp.txt,0
141_www.sports.ru.txt,0
142_www.toxinmagazine.com.txt,0
143_www.youtube.com.txt,0
145_austinwoodandmetal.com.txt,0
146_magicvalley.com.txt,0
147_www.sankei.com.txt,0
148_www.reverbnation.com.txt,0
149_www.reverbnation.com.txt,0
14_www.complex.com.txt,0
150_www.sponichi.co.jp.txt,0
151_itunes.apple.com.txt,0
152_www.youtube.com.txt,0
153_mdpr.jp.txt,0
154_www.youtube.com.txt,0
155_www.gameinformer.com.txt,0
156_www.youtube.com.txt,0
157_music.mthai.com.txt,0
159_www.instagram.com.txt,0
15_itunes.apple.com.txt,0
160_www.sanspo.com.txt,0
161_www.nba.com.txt,0
162_www.ebay.com.txt,0
163_yorkvillehs.8to18.com.txt,0
164_itunes.apple.com.txt,0
165_www.colourfulradio.com.txt,0
166_www.youtube.com.txt,0
167_www.youtube.com.txt,0
168_www.toxinmagazine.com.txt,0
169_djmixes99radeo.com.txt,0
16_hstyles.co.uk.txt,0
170_soundcloud.com.txt,0
171_ticketjam.jp.txt,0
172_music-book.jp.txt,0
174_m.sports.naver.com.txt,0
175_sports.news.naver.com.txt,0
176_onlyfans.com.txt,0
177_itunes.apple.com.txt,0
178_www.youtube.com.txt,0
17_www.rappler.com.txt,0
180_twipla.jp.txt,0
182_www.akhbaralaan.net.txt,0
183_www.instagram.com.txt,0
184_www.koreaboo.com.txt,0
185_www.nbc4i.com.txt,0
186_www.thevwindependent.com.txt,0
187_block.fiverr.com.txt,0
188_www.weforum.org.txt,0
189_www.savannahnow.com.txt,0
18_www.twitch.tv.txt,0
190_www.statesman.com.txt,0
191_www.instagram.com.txt,0
192_www.koreaboo.com.txt,0
193_www.radio.net.txt,0
194_www.hochi.co.jp.txt,0
195_www.vinylestimes.fr.txt,0
196_itunes.apple.com.txt,0
197_www.robinspost.com.txt,0
198_www.poandpo.com.txt,0
199_www.robinspost.com.txt,0
19_play.google.com.txt,0
1_mj-records.net.txt,0
200_matome.naver.jp.txt,0
201_www.poandpo.com.txt,0
202_www.youtube.com.txt,0
203_ticketjam.jp.txt,0
204_luizsantos.com.txt,0
205_people.com.txt,0
206_www.facebook.com.txt,0
207_www.seattletimes.com.txt,0
208_www.npr.org.txt,0
209_www.youtube.com.txt,0
20_www.ebay.com.txt,0
210_perfume-app.com.txt,0
211_www.instagram.com.txt,0
212_hyperurl.co.txt,0
213_play.google.com.txt,0
214_www.youtube.com.txt,0
215_www.youtube.com.txt,0
216_www.neosportsinsiders.com.txt,0
217_awards.spaceshower.jp.txt,0
218_www.shiny-music.jp.txt,0
219_frontmezzjunkies.com.txt,0
21_www.cricketcallrun.com.txt,0
220_www.youtube.com.txt,0
221_aisasami.wordpress.com.txt,0
222_www.heart-music.com.txt,0
223_www.thestar.com.txt,0
224_itunes.apple.com.txt,0
226_www.facebook.com.txt,0
227_mpg.dnset.com.txt,0
229_a.monsterbacklinks.com.txt,0
22_www.youtube.com.txt,0
230_www.ebay.com.txt,0
231_www.youtube.com.txt,0
232_www.youtube.com.txt,0
233_soundcloud.com.txt,0
234_www.facebook.com.txt,0
235_www.youtube.com.txt,0
237_www.facebook.com.txt,0
239_weuponitradio.com.txt,0
23_www.youtube.com.txt,0
240_nana-music.com.txt,0
241_nana-music.com.txt,0
243_www.delgazette.com.txt,0
244_nana-music.com.txt,0
246_hot.detik.com.txt,0
247_www.thesourcesmoothjazzradio.com.txt,0
249_thetartan.org.txt,0
24_www.facebook.com.txt,0
250_itunes.apple.com.txt,0
251_jobalertshop.com.txt,0
252_www.stltoday.com.txt,0
253_www.youtube.com.txt,0
254_www.fox46charlotte.com.txt,0
255_techcrunch.com.txt,0
256_www.indystar.com.txt,0
257_drive.google.com.txt,0
258_video-streaming.orange.fr.txt,0
259_www.footiz.com.txt,0
25_music-kentei.net.txt,0
260_www.soompi.com.txt,0
261_video-streaming.orange.fr.txt,0
262_video-streaming.orange.fr.txt,0
263_mashable.com.txt,0
264_www.gettyimages.com.txt,0
265_netzonexo.blogspot.com.txt,0
266_www.msn.com.txt,0
267_fcl-education.com.txt,0
268_www.youtube.com.txt,0
269_www.usatoday.com.txt,0
26_nana-music.com.txt,0
270_www.fox9.com.txt,0
271_www.youtube.com.txt,0
272_www.youtube.com.txt,0
273_nana-music.com.txt,0
274_www.youtube.com.txt,0
275_nana-music.com.txt,0
276_github.com.txt,0
277_www.youtube.com.txt,0
278_www.sponichi.co.jp.txt,0
279_www.youtube.com.txt,0
27_linkco.re.txt,0
280_arep.co.txt,0
281_www.cbc.ca.txt,0
282_www.youtube.com.txt,0
283_www.e-onkyo.com.txt,0
284_www.youtube.com.txt,0
285_paper.li.txt,0
286_news.utamap.com.txt,0
288_natalie.mu.txt,0
289_www.voot.com.txt,0
28_nana-music.com.txt,0
290_www.facebook.com.txt,0
291_finheadlines.com.txt,0
292_www.knoxnews.com.txt,0
293_www.facebook.com.txt,0
294_www.nasa.gov.txt,0
295_www.koreaboo.com.txt,0
296_itunes.apple.com.txt,0
297_paper.li.txt,0
298_m.starmakerstudios.com.txt,0
299_www.9jamusicmixtapes.com.txt,0
29_www.youtube.com.txt,0
2_www.openculture.com.txt,0
300_riafan.ru.txt,0
301_www.soompi.com.txt,0
302_tpmsmusiclifestyleblog.com.txt,0
303_byx.pt.txt,0
304_www.youtube.com.txt,0
305_kinomukumamani-music.blog.so-net.ne.jp.txt,0
306_www.foxnews.com.txt,0
308_medicinehatnews.com.txt,0
30_play.google.com.txt,0
311_www.sponichi.co.jp.txt,0
312_itunes.apple.com.txt,0
313_music.oricon.co.jp.txt,0
314_www.youtube.com.txt,0
315_www.youtube.com.txt,0
316_glittermagrocks.com.txt,0
318_news.kstyle.com.txt,0
319_kfdm.com.txt,0
31_open.spotify.com.txt,0
320_www.maxicount.in.txt,0
321_www.phillipphillips.com.txt,0
322_bztakkoshi.com.txt,0
323_www.amazon.co.jp.txt,0
324_www.nytimes.com.txt,0
325_www.instagram.com.txt,0
326_www.younow.com.txt,0
327_nexbietv.ooo.txt,0
328_itunes.apple.com.txt,0
329_www.walmart.com.txt,0
32_balita.net.ph.txt,0
330_www.plow.io.txt,0
331_www.youtube.com.txt,0
332_support.google.com.txt,0
333_chyannradio.com.txt,0
334_www.wgot.org.txt,0
335_www.nature.com.txt,0
336_www.facebook.com.txt,0
337_anchor.fm.txt,0
338_soundcloud.com.txt,0
339_www.bbc.co.uk.txt,0
33_artist-rack.com.txt,0
340_www.instagram.com.txt,0
341_www.yahoo.com.txt,0
342_play.google.com.txt,0
343_onlyfans.com.txt,0
344_www.youtube.com.txt,0
345_www6.nhk.or.jp.txt,0
346_www.tv-asahi.co.jp.txt,0
347_wwws.fujitv.co.jp.txt,0
348_www.sanspo.com.txt,0
349_nana-music.com.txt,0
34_www.pep.ph.txt,0
350_music.youtube.com.txt,0
351_itunes.apple.com.txt,0
352_soundcloud.com.txt,0
353_computermusic.jp.txt,0
354_www.youtube.com.txt,0
355_business.fscradio.com.txt,0
356_www.iheart.com.txt,0
357_soundcloud.com.txt,0
358_www.nytimes.com.txt,0
35_www.youtube.com.txt,0
360_www.youtube.com.txt,0
361_abqpride.com.txt,0
362_www.straight.com.txt,0
363_www.imdb.com.txt,0
364_www.youtube.com.txt,0
365_mora.jp.txt,0
366_www.nwahomepage.com.txt,0
367_arep.co.txt,0
368_www.al.com.txt,0
369_www.youtube.com.txt,0
36_www.youtube.com.txt,0
370_www.nasa.gov.txt,0
371_carver.wickedlocal.com.txt,0
372_mora.jp.txt,0
373_metro.co.uk.txt,0
374_www.instagram.com.txt,0
375_www.today.com.txt,0
376_moondogradio.com.txt,0
377_www.cp24.com.txt,0
378_nana-music.com.txt,0
379_www.nj.com.txt,0
37_www.artshub.com.au.txt,0
380_eyescream.jp.txt,0
381_www.m-on-music.jp.txt,0
382_www.wwltv.com.txt,0
383_www.soompi.com.txt,0
384_www.chicagotribune.com.txt,0
385_www.music.grb7.com.txt,0
386_www.nytimes.com.txt,0
387_mora.jp.txt,0
388_www.radionz.co.nz.txt,0
389_www.apisinsights.com.txt,0
38_natalie.mu.txt,0
390_soundcloud.com.txt,0
391_www.weforum.org.txt,0
392_itshiphopmusic.com.txt,0
393_www.konansports.com.txt,0
394_www.instagram.com.txt,0
395_www.youtube.com.txt,0
396_www.youtube.com.txt,0
397_www.youtube.com.txt,0
398_people.com.txt,0
399_mora.jp.txt,0
39_www-washingtonpost-com.cdn.ampproject.org.txt,0
3_k-gen.fr.txt,0
400_setopati.com.txt,0
401_open.spotify.com.txt,0
402_neonnettle.com.txt,0
403_www.koreaboo.com.txt,0
404_savagethrills.com.txt,0
405_soundcloud.com.txt,0
406_lhsaa.org.txt,0
407_sports.ant-j.xyz.txt,0
409_www.wwltv.com.txt,0
40_www.bet.com.txt,0
410_fr.radioking.com.txt,0
411_cbsaustin.com.txt,0
412_dvdclip.com.txt,0
413_www.youtube.com.txt,0
414_anchor.fm.txt,0
415_www.radioexols.com.txt,0
416_www.rap-up.com.txt,0
417_drive.google.com.txt,0
418_www.ebay.com.txt,0
419_www.display9ja.com.txt,0
41_www.youtube.com.txt,0
420_indianexpress.com.txt,1
421_www.youtube.com.txt,0
422_af11.wordpress.com.txt,0
423_www.bbc.co.uk.txt,0
424_www.adweek.com.txt,0
425_www.dickinsonathletics.com.txt,0
426_nana-music.com.txt,0
427_rappersiq.com.txt,0
428_itunes.apple.com.txt,0
429_www.etonline.com.txt,0
42_soundcloud.com.txt,0
430_www.sfgate.com.txt,0
431_www.youtube.com.txt,0
432_www.marshallnewsmessenger.com.txt,0
433_www.detroitnews.com.txt,0
434_www.nikkansports.com.txt,0
435_www.northjersey.com.txt,0
436_www.rollingstone.com.txt,0
437_www.nation.co.ke.txt,0
438_play.google.com.txt,0
439_raw3entertainment.blogspot.com.txt,0
43_variety.com.txt,0
440_pantip.com.txt,0
441_soundcloud.com.txt,0
442_www.plushaffair.com.txt,0
443_soundcloud.com.txt,0
444_www.northjersey.com.txt,0
445_natalie.mu.txt,0
446_completemusicupdate.com.txt,0
447_excitementradio.com.txt,0
448_www.koreaboo.com.txt,0
449_www.gcbobcats.com.txt,0
44_variety.com.txt,0
450_music-kentei.net.txt,0
451_tylerpaper.com.txt,0
452_tylerpaper.com.txt,0
453_www.livingstonparishnews.com.txt,0
454_www.ghanamusicradio.com.txt,0
455_therallies.bandcamp.com.txt,0
456_variety.com.txt,0
457_exiletribe.info.txt,0
458_www.youtube.com.txt,0
459_www.nature.com.txt,0
45_sports.yahoo.co.jp.txt,0
460_music.nekast.com.txt,0
461_edition.cnn.com.txt,0
462_www.bbc.com.txt,0
463_holywood-celebrity-news.blogspot.com.txt,0
464_herald-review.com.txt,0
465_nana-music.com.txt,0
467_holywood-celebrity-news.blogspot.com.txt,0
468_sports.yahoo.com.txt,0
469_ticketjam.jp.txt,0
46_www.youtube.com.txt,0
470_holywood-celebrity-news.blogspot.com.txt,0
471_holywood-celebrity-news.blogspot.com.txt,0
472_www.youtube.com.txt,0
473_www.youtube.com.txt,0
474_soundcloud.com.txt,0
475_www.youtube.com.txt,0
476_www.bbc.co.uk.txt,0
477_www.youtube.com.txt,0
478_celebrity.okezone.com.txt,0
479_www.youtube.com.txt,0
47_mdpr.jp.txt,0
480_sports.ant-j.xyz.txt,0
481_sports.ant-j.xyz.txt,0
482_medicalxpress.com.txt,0
483_ca.sports.yahoo.com.txt,0
484_www.youtube.com.txt,0
485_www.newstm.in.txt,0
486_link.medium.com.txt,0
487_www.bigtime.radio.txt,0
488_www.latimes.com.txt,0
489_www.cbsnews.com.txt,0
48_www.freep.com.txt,0
490_www.mavradio.fm.txt,0
491_soundcloud.com.txt,0
492_nana-music.com.txt,0
493_soundcloud.com.txt,0
494_sports.chosun.com.txt,0
495_www.americanthinker.com.txt,0
496_needham.wickedlocal.com.txt,0
497_www.mieux-vivre-autrement.com.txt,0
498_theghettoflower.com.txt,0
499_www.youtube.com.txt,0
49_time.com.txt,0
4_songwriternews.co.uk.txt,0
500_ask.fm.txt,0
501_nexbietv.ooo.txt,0
502_thefactreporters.com.txt,0
504_kizaneko.tumblr.com.txt,0
505_www.azcentral.com.txt,0
506_bucphangnews.site.txt,0
507_z6mag.com.txt,0
508_www.youtube.com.txt,0
509_www.lansingstatejournal.com.txt,0
50_photojournal.jpl.nasa.gov.txt,0
510_www.timesnownews.com.txt,0
511_z6mag.com.txt,0
512_www.itadaki.ne.jp.txt,0
513_EZALB8.lnk.to.txt,0
514_www.koreaboo.com.txt,0
515_natalie.mu.txt,0
516_www.instagram.com.txt,0
517_sports.yahoo.com.txt,0
519_www.nikkei.com.txt,0
51_www.youtube.com.txt,0
520_www.bbc.co.uk.txt,0
521_www.nature.com.txt,0
522_www.twitch.tv.txt,0
523_www.youtube.com.txt,0
525_fineartamerica.com.txt,0
526_www.aliexpress.com.txt,0
527_www.ebay.com.txt,0
528_www.youtube.com.txt,0
529_www.heart-music.com.txt,0
52_www.tokyo-sports.co.jp.txt,0
530_www.mes-coloriages-preferes.biz.txt,0
531_www.youtube.com.txt,0
532_www.nature.com.txt,0
533_anime-eupho.com.txt,0
534_appleford.leftcoastx.com.txt,0
535_ticketjam.jp.txt,0
536_www.insomniac.com.txt,0
537_www.bbc.com.txt,0
538_www.pscp.tv.txt,0
539_www.desmoinesregister.com.txt,0
53_www.bigo.tv.txt,0
540_www.instagram.com.txt,0
541_tsuiran.jp.txt,0
542_www.capenews.net.txt,0
543_ul.ink.txt,0
544_www.youtube.com.txt,0
545_www.chunichi.co.jp.txt,0
546_soundcloud.com.txt,0
547_theprovince.com.txt,0
548_nana-music.com.txt,0
549_nana-music.com.txt,0
54_www.facebook.com.txt,0
550_nana-music.com.txt,0
551_www.as-web.jp.txt,0
552_www.wiscnews.com.txt,0
553_www.youtube.com.txt,0
554_www.nature.com.txt,0
555_www.etsy.com.txt,0
556_cafe.daum.net.txt,0
557_nana-music.com.txt,0
558_www.denverpost.com.txt,0
55_live.rcdradio.com.txt,0
560_thenextweb.com.txt,0
562_variety.com.txt,0
563_www.radiotimes.com.txt,0
564_theboot.com.txt,0
565_metro.co.uk.txt,0
566_nana-music.com.txt,0
567_lfpress.com.txt,0
569_www.toxinmagazine.com.txt,0
56_justbangers.com.txt,0
570_www.youtube.com.txt,0
571_www.space.com.txt,0
572_lg-monster.blogspot.com.txt,0
573_www.nytimes.com.txt,0
574_www.deezer.com.txt,0
575_gazette.com.txt,0
576_www.istockphoto.com.txt,0
577_www.pscp.tv.txt,0
578_natalie.mu.txt,0
579_www.espn.com.txt,0
57_www.youtube.com.txt,0
580_www.theguardian.com.txt,0
581_www.facebook.com.txt,0
582_www.youtube.com.txt,0
583_www.chicagotribune.com.txt,0
584_www.iheart.com.txt,0
585_anchor.fm.txt,0
586_www.nydailynews.com.txt,0
588_www.youtube.com.txt,0
58_news.dwango.jp.txt,0
590_www.instagram.com.txt,0
591_www.anote-app.com.txt,0
592_open.spotify.com.txt,0
593_www.sanspo.com.txt,0
594_music.amazon.com.txt,0
595_www.kicksonfire.com.txt,0
596_www.etsy.com.txt,0
597_www.youtube.com.txt,0
598_www.statbroadcast.com.txt,0
599_www.trentonian.com.txt,0
59_d4c-official.com.txt,0
5_www.amazon.com.txt,0
600_nana-music.com.txt,0
601_nana-music.com.txt,0
602_elizabethjoankelly.bandcamp.com.txt,0
603_www.blogto.com.txt,0
604_musicindustryblog.wordpress.com.txt,0
605_arewa360music.com.ng.txt,0
606_www.capebretonpost.com.txt,0
607_nana-music.com.txt,0
608_music.amazon.com.txt,0
609_with-music.net.txt,0
60_nana-music.com.txt,0
610_itunes.apple.com.txt,0
611_open.spotify.com.txt,0
612_sports.yahoo.com.txt,0
613_ask.fm.txt,0
614_natalie.mu.txt,0
615_www.etonline.com.txt,0
616_www.twitch.tv.txt,0
617_www.dailyprogress.com.txt,0
618_www.okayafrica.com.txt,0
619_www.facebook.com.txt,0
61_www.forbes.com.txt,0
620_www.joox.com.txt,0
621_itunes.apple.com.txt,0
622_trendynewses.com.txt,0
624_soundcloud.com.txt,0
625_soundcloud.com.txt,0
627_open.spotify.com.txt,0
628_www.youtube.com.txt,0
629_open.spotify.com.txt,0
62_www.nature.com.txt,0
630_www.timesnownews.com.txt,0
631_www.dunmowbroadcast.co.uk.txt,0
632_www.instagram.com.txt,0
633_nana-music.com.txt,0
634_variety.com.txt,0
635_www.espn.com.txt,0
636_www.soultracks.com.txt,0
637_www.youtube.com.txt,0
638_www.youtube.com.txt,0
639_www.youtube.com.txt,0
63_play.google.com.txt,0
640_www.ajandtara.com.txt,0
641_music.amazon.co.jp.txt,0
642_play.google.com.txt,0
643_www.mother.ly.txt,0
644_www.facebook.com.txt,0
645_www.facebook.com.txt,0
646_www.gazetadopovo.com.br.txt,0
647_www.twitch.tv.txt,0
648_www.bbc.com.txt,0
649_sire.fm.txt,0
64_natalie.mu.txt,0
650_www.youtube.com.txt,0
651_www.nature.com.txt,0
652_hypel.ink.txt,0
653_popcrush.com.txt,0
655_music.line.me.txt,0
656_www.youtube.com.txt,0
657_plaza.rakuten.co.jp.txt,0
658_www.nikkansports.com.txt,0
659_www.rappler.com.txt,0
65_soundcloud.com.txt,0
660_tuftsdaily.com.txt,0
661_discountsocone.com.txt,0
662_www.thestranger.com.txt,0
663_www1.nhk.or.jp.txt,0
664_www.reverbnation.com.txt,0
665_ul.ink.txt,0
666_grooveradiopt.com.txt,0
667_www.pjstar.com.txt,0
668_www.pscp.tv.txt,0
669_onlyfans.com.txt,0
66_reggaetonsinlimite.com.txt,0
670_www.youtube.com.txt,0
671_avn.com.txt,0
672_boblazzari.blogspot.com.txt,0
673_globalowls.com.txt,0
674_soundcloud.com.txt,0
675_www.smore.com.txt,0
676_www.instagram.com.txt,0
677_www.twitch.tv.txt,0
678_www.citizen-times.com.txt,0
679_www.facebook.com.txt,0
67_www.youtube.com.txt,0
680_www.nytimes.com.txt,0
681_www.as-web.jp.txt,0
682_www.youtube.com.txt,0
683_www.espn.com.txt,0
684_www.woodburybulletin.com.txt,0
685_nana-music.com.txt,0
686_www.youtube.com.txt,0
687_www.youtube.com.txt,0
688_www.cnn.com.txt,0
68_www.localdvm.com.txt,0
690_hot.detik.com.txt,0
691_www.cbssports.com.txt,0
692_form.office.naver.com.txt,0
693_www.amazon.com.txt,0
694_www.youtube.com.txt,0
695_www.clickasnap.com.txt,0
696_mdpr.jp.txt,0
697_www.youtube.com.txt,0
698_www.twitch.tv.txt,0
699_www.10best.com.txt,0
69_www.instagram.com.txt,0
6_www.youtube.com.txt,0
700_nana-music.com.txt,0
701_www.nikkansports.com.txt,0
702_open.spotify.com.txt,0
703_nana-music.com.txt,0
704_www.youtube.com.txt,0
705_www.nytimes.com.txt,0
706_www.youtube.com.txt,0
707_www.jutarnji.hr.txt,0
708_gonintendo.com.txt,0
709_www.youtube.com.txt,0
70_gocentralindians.com.txt,0
710_www.courier-journal.com.txt,0
711_www.montgomeryschoolsmd.org.txt,0
712_www.skilledmedical.com.txt,0
713_music.line.me.txt,0
714_espnsports-tv.com.txt,0
715_thebluegrasssituation.com.txt,0
716_www.skilledmedical.com.txt,0
717_www.cover.9mag.theunder.us.txt,0
718_oldtothenew.wordpress.com.txt,0
719_digest.bps.org.uk.txt,0
71_www.youtube.com.txt,0
720_www.bbc.co.uk.txt,0
723_nana-music.com.txt,0
724_www.youtube.com.txt,0
725_www.10best.com.txt,0
727_www.youtube.com.txt,0
728_www.lohud.com.txt,0
729_www.sbs.com.au.txt,0
72_www.youtube.com.txt,0
730_www.dailyrindblog.com.txt,0
731_dayplus.info.txt,0
732_soundcloud.com.txt,0
733_ca.sports.yahoo.com.txt,0
734_shopee.co.id.txt,0
735_fineartamerica.com.txt,0
736_www.youtube.com.txt,0
737_cafe.daum.net.txt,0
738_website.shoutcastwidgets.com.txt,0
739_ameblo.jp.txt,0
73_www.theguardian.com.txt,1
740_www.ticketweb.com.txt,0
741_ai.2ch.sc.txt,0
742_thirdrockradio.net.txt,0
743_www.pscp.tv.txt,0
744_www.youtube.com.txt,0
745_images.nasa.gov.txt,0
746_thecolorcommentary.com.txt,0
747_www.youtube.com.txt,0
748_www.youtube.com.txt,0
749_320hq.com.txt,0
74_itunes.apple.com.txt,0
750_www.wgot.org.txt,0
751_www.youtube.com.txt,0
752_avn.com.txt,0
753_drive.google.com.txt,0
754_music.aamto.com.txt,0
756_mailchi.mp.txt,0
757_www.bonanza.com.txt,0
758_www.nasa.gov.txt,0
75_www.newsday.com.txt,0
760_www.instagram.com.txt,0
763_www.brainline.org.txt,0
764_www.brainline.org.txt,0
765_www.brainline.org.txt,0
766_www.greensboro.com.txt,0
767_www.brainline.org.txt,0
768_www.brainline.org.txt,0
769_wjla.com.txt,0
76_www.koreaboo.com.txt,0
770_www.okayafrica.com.txt,0
771_www.lyndentribune.com.txt,0
772_nana-music.com.txt,0
773_www.pscp.tv.txt,0
774_www.amazon.com.txt,0
775_www.youtube.com.txt,0
776_en.wikipedia.org.txt,0
777_www.ebay.com.txt,0
778_send-anywhere.com.txt,0
779_send-anywhere.com.txt,0
77_www.soompi.com.txt,0
781_www.roadracingworld.com.txt,0
782_music.amazon.co.jp.txt,0
783_ntrs.nasa.gov.txt,0
784_www.youtube.com.txt,0
785_www.bostonglobe.com.txt,0
787_www.sportskeeda.com.txt,1
788_www.youtube.com.txt,0
789_tasteofcountry.com.txt,0
78_www.gameinformer.com.txt,0
790_www.tamilandroidtipskumar.com.txt,0
791_www.tamilandroidtipskumar.com.txt,0
792_itunes.apple.com.txt,0
793_soundcloud.com.txt,0
794_www.instagram.com.txt,0
795_www.youtube.com.txt,0
796_www.youtube.com.txt,0
797_nana-music.com.txt,0
798_www.bbc.co.uk.txt,0
799_www.youtube.com.txt,0
79_www.stuff.co.nz.txt,0
7_sports.v.daum.net.txt,0
800_www.pfrvintage.com.txt,0
801_www.youtube.com.txt,0
802_readersupportednews.org.txt,1
803_countrymusictattletale.com.txt,0
804_www.twitch.tv.txt,0
805_static-cdn.jtvnw.net.txt,0
806_countrymusictattletale.com.txt,0
807_amp.star-telegram.com.txt,0
808_www.rollingstone.com.txt,0
809_www.ebay.com.txt,0
80_www.facebook.com.txt,0
810_selection.music.dmkt-sp.jp.txt,0
811_www.mlive.com.txt,0
812_play.google.com.txt,0
813_becteromusic.com.txt,0
814_www.express.co.uk.txt,0
815_www.bbc.co.uk.txt,0
816_www.youtube.com.txt,0
817_www.youtube.com.txt,0
818_www.youtube.com.txt,0
819_nana-music.com.txt,0
81_marsproject.dip.jp.txt,0
820_www.youtube.com.txt,0
821_radionowhouston.com.txt,0
822_vote.global.com.txt,0
823_www.bbc.co.uk.txt,0
824_www.youtube.com.txt,0
825_www.thegazette.com.txt,0
826_www.news-gazette.com.txt,0
827_www.eyeem.com.txt,0
829_www.instagram.com.txt,0
82_itunes.apple.com.txt,0
830_www.cnn.com.txt,0
831_www.cbsnews.com.txt,0
832_www.keloland.com.txt,0
833_www.palmbeachpost.com.txt,0
834_itunes.apple.com.txt,0
835_www.postbulletin.com.txt,0
836_thegirlsattherockshow.com.txt,0
837_www.estevanmercury.ca.txt,0
838_soundcloud.com.txt,0
839_www.law.com.txt,0
83_www.metafilter.com.txt,0
840_item.rakuten.co.jp.txt,0
841_www.newsbug.info.txt,0
843_www.wjct.org.txt,0
844_filmfreeway.com.txt,0
845_www.binance.com.txt,0
846_www.yomiuri.co.jp.txt,0
847_www.youtube.com.txt,0
848_www.smithsonianmag.com.txt,0
849_www.instagram.com.txt,0
84_teamusa.usahockey.com.txt,0
850_www.youtube.com.txt,0
851_www.youtube.com.txt,0
852_shusaints.com.txt,0
853_www.sierrasun.com.txt,0
854_www.express.co.uk.txt,0
855_www.nbcnews.com.txt,0
856_www.nikkansports.com.txt,0
857_megarockradio.net.txt,0
858_www.youtube.com.txt,0
859_www.euroclix.nl.txt,0
85_www.kasi-time.com.txt,0
860_scopemusic.me.txt,0
861_www.youtube.com.txt,0
862_www.thecable.ng.txt,0
864_itunes.apple.com.txt,0
865_www.renewamerica.com.txt,0
866_qetic.jp.txt,0
867_www.hotnewhiphop.com.txt,0
868_www.youtube.com.txt,0
869_ticketjam.jp.txt,0
86_www.youtube.com.txt,0
870_www.latimes.com.txt,0
871_www.youtube.com.txt,0
872_docs.google.com.txt,0
873_paper.li.txt,0
874_soundcloud.com.txt,0
875_www.cincinnati.com.txt,0
876_www.indystar.com.txt,0
877_timesofindia.indiatimes.com.txt,0
878_open.spotify.com.txt,0
879_play.google.com.txt,0
87_music.amazon.com.txt,0
880_www.vogue.com.txt,0
881_sports.yahoo.com.txt,0
882_newswing.com.txt,0
883_www.instagram.com.txt,0
884_www.45worlds.com.txt,0
885_www.twitch.tv.txt,0
886_www.forbes.com.txt,0
887_www.youtube.com.txt,0
888_paper.li.txt,0
889_www.mpnnow.com.txt,0
88_www.youtube.com.txt,0
890_www.mpnnow.com.txt,0
891_music.line.me.txt,0
892_music.line.me.txt,0
893_variety.com.txt,0
894_www.express.co.uk.txt,0
895_leaderpost.com.txt,0
896_www.lyonne.fr.txt,0
897_www.footiz.com.txt,0
898_www.francebleu.fr.txt,0
899_www.usaradio.live.txt,0
89_women.jpl.nasa.gov.txt,0
8_www.ebay.com.txt,0
900_www.amazon.com.txt,0
903_home.kred.txt,0
905_music.tumblr.com.txt,0
906_www.facebook.com.txt,0
907_www.10best.com.txt,0
908_www.xxlmag.com.txt,0
909_music.bugs.co.kr.txt,0
90_music.trueid.net.txt,0
910_www.youtube.com.txt,0
911_music.bugs.co.kr.txt,0
912_music.line.me.txt,0
913_music.line.me.txt,0
914_nana-music.com.txt,0
915_open.kakao.com.txt,0
916_www.xxlmag.com.txt,0
917_afrobeatsglobal.com.txt,0
918_www.houstonchronicle.com.txt,0
919_radiko.jp.txt,0
91_1gk-music.com.txt,0
920_www.youtube.com.txt,0
921_open.spotify.com.txt,0
922_www.timesnownews.com.txt,1
923_www.catsinam.org.au.txt,0
924_github.com.txt,0
925_www.youtube.com.txt,0
926_www.cbc.ca.txt,0
927_www.facebook.com.txt,0
928_enoriente.com.ve.txt,0
929_cafe.daum.net.txt,0
92_www.youtube.com.txt,0
930_www.nature.com.txt,0
931_solarsystem.nasa.gov.txt,0
932_ticketjam.jp.txt,0
934_www.youtube.com.txt,0
935_www.youtube.com.txt,0
936_www.youtube.com.txt,0
937_cypher9ja.com.txt,0
938_www.dailymail.co.uk.txt,0
939_lacelebs.co.txt,0
93_www.ebay.com.txt,0
940_www.detroitnews.com.txt,0
941_detox1st.com.txt,0
942_www.forbes.com.txt,0
943_www.kiro7.com.txt,0
944_www.hudl.com.txt,0
945_www.youtube.com.txt,0
946_play.google.com.txt,0
947_theglowup.theroot.com.txt,0
949_www.nytimes.com.txt,0
94_nana-music.com.txt,0
951_www.youtube.com.txt,0
952_www.youtube.com.txt,0
953_www.rocketcitynow.com.txt,0
954_t.me.txt,0
955_www.instagram.com.txt,0
956_ezierr.com.txt,0
957_music.line.me.txt,0
958_www.facebook.com.txt,0
959_www.ebay.com.txt,0
95_www.youtube.com.txt,0
960_www.youtube.com.txt,0
961_m.post.naver.com.txt,0
962_www.dailymail.co.uk.txt,0
963_taskandpurpose.com.txt,0
964_www.youtube.com.txt,0
965_www.twitch.tv.txt,0
966_soundcloud.com.txt,0
967_solarsystem.nasa.gov.txt,0
968_www.youtube.com.txt,0
96_www.register-herald.com.txt,0
970_www.instagram.com.txt,0
971_www.youtube.com.txt,0
972_fineartamerica.com.txt,0
973_music.line.me.txt,0
974_opmed.doximity.com.txt,0
975_www.indiemusicreporter.com.txt,0
976_www.sanspo.com.txt,0
977_www.youtube.com.txt,0
978_chokkanteki.com.txt,0
979_www.youtube.com.txt,0
97_www.instagram.com.txt,0
980_sports.v.daum.net.txt,0
981_music.amazon.co.jp.txt,0
982_sports.hankooki.com.txt,0
984_mha123.blogspot.com.txt,0
985_mha123.blogspot.com.txt,0
986_mha123.blogspot.com.txt,0
987_solarscience.msfc.nasa.gov.txt,0
988_yonkersfun.com.txt,0
989_mha123.blogspot.com.txt,0
98_www.youtube.com.txt,0
990_nana-music.com.txt,0
991_soundcloud.com.txt,0
992_id.spaceshower.jp.txt,0
994_music.line.me.txt,0
995_music.line.me.txt,0
996_music.line.me.txt,0
997_www.youtube.com.txt,0
998_fanlink.to.txt,0
999_queentheprophet.com.txt,0
99_www.etonline.com.txt,0
9_www.youtube.com.txt,0
